level_0,index,id,name,start_date,distance,elapsed_time,moving_time,average_speed,max_speed,average_cadence,average_watts,average_heartrate,max_heartrate,calories,commute,has_heartrate,total_elevation_gain,achievement_count,date_pulled,distance_mean,moving_time_mean,average_speed_mean,max_speed_mean,average_watts_mean,average_heartrate_mean,max_heartrate_mean,total_elevation_gain_mean,distance_rel_effort,moving_time_rel_effort,average_speed_rel_effort,max_speed_rel_effort,average_watts_rel_effort,average_heartrate_rel_effort,max_heartrate_rel_effort,total_elevation_gain_rel_effort,painmeter
3,1,2128084971,Morning commute: 2/6/2019,2019-02-06 14:02:05+00:00,3.64,1021,946,13.851132480000002,29.303914,,113.8,,,,True,False,107.93963600000001,1,07/08/2019 12:39:06 AM ET,3.64,946.0,13.851132480000002,29.303914,113.8,,,107.93963600000001,1.0,1.0,1.0,1.0,1.0,,,1.0,1.0
4,1,2129275426,Evening commute: 2/6/2019,2019-02-07 00:16:37+00:00,2.89,856,831,12.5156793,28.185444,,133.7,,,,True,False,135.17060800000002,0,07/08/2019 12:39:06 AM ET,3.265,888.5,13.183405890000001,28.744678999999998,123.75,,,121.55512200000001,0.885145482388974,0.9352841868317389,0.9493509798931025,0.9805447470817121,1.0804040404040403,,,1.1120107962213226,0.9904567054701484
5,1,2130213250,Morning commute: 2/7/2019,2019-02-07 14:01:42+00:00,3.70,905,871,15.278300199999999,29.303914,,121.2,,,,True,False,108.26772,5,07/08/2019 12:39:06 AM ET,3.41,882.6666666666666,13.881703993333334,28.931090666666666,122.89999999999999,,,117.125988,1.0850439882697946,0.9867824773413898,1.1006069721222538,1.0128865979381443,0.9861676159479252,,,0.9243697478991596,1.015976233253111
6,1,2131338193,Evening commute: 2/7/2019,2019-02-07 23:42:58+00:00,3.52,813,799,15.88003706,36.90951,,187.3,,,,True,False,224.08137200000002,0,07/08/2019 12:39:06 AM ET,3.4375,861.75,14.38128726,30.9256955,139.0,,,143.864834,1.024,0.9271830577313606,1.1042152745372529,1.193490054249548,1.3474820143884894,,,1.5575826681870013,1.1923255115156086
7,1,2132252549,Morning commute: 2/8/2019,2019-02-08 13:49:12+00:00,3.73,1042,973,13.7907351,29.303914,,117.7,,,,True,False,109.251972,3,07/08/2019 12:39:06 AM ET,3.496,884.0,14.263176828000002,30.6013392,134.74,,,136.9422616,1.0669336384439359,1.1006787330316743,0.9668768231862236,0.9576023391812865,0.8735342140418584,,,0.7977958792525156,0.9605702711895825
8,1,2133057675,Evening commute: 2/8/2019,2019-02-08 22:14:27+00:00,3.79,1006,995,13.71020526,32.883018,,138.9,,,,True,False,230.97113600000003,6,07/08/2019 12:39:06 AM ET,3.545,902.5,14.171014900000001,30.981619,135.43333333333334,,,152.61374066666667,1.069111424541608,1.1024930747922437,0.9674822415153906,1.0613718411552346,1.0255968496185086,,,1.5134360444285204,1.1232485793419178
10,1,2141138844,Morning commute: 2/12/2019,2019-02-12 14:22:29+00:00,3.70,1022,959,13.88916046,26.619585999999998,,107.5,,,,True,False,108.92388799999999,1,07/08/2019 12:39:06 AM ET,3.567142857142857,910.5714285714286,14.130749980000001,30.358471428571427,131.44285714285715,,,146.37233314285714,1.037244693632359,1.0531848133040478,0.9829032768719328,0.8768421052631579,0.8178458863167046,,,0.744156260006404,0.9186961725657677
11,1,2142288094,Evening commute (I hate rain): 2/12/2019,2019-02-12 23:01:09+00:00,3.71,1159,1017,13.12860086,31.093466000000006,,135.3,,,,True,False,230.97113600000003,8,07/08/2019 12:39:06 AM ET,3.585,923.875,14.005481340000001,30.45034575,131.925,,,156.94718350000002,1.0348675034867503,1.1007982681639832,0.9373901932598626,1.0211202938475668,1.0255827174530983,,,1.4716488110791743,1.0985679645484059
12,1,2167045539,Morning commute: 2/22/2019,2019-02-22 14:21:21+00:00,3.68,984,899,14.7302499,31.093466000000006,,122.3,,,,True,False,106.29921599999999,3,07/08/2019 12:39:06 AM ET,3.5955555555555554,921.1111111111111,14.086011180000002,30.521803555555557,130.85555555555555,,,151.31963155555556,1.023485784919654,0.9759951749095296,1.0457360647927583,1.0187296416938112,0.9346183238515751,,,0.7024813298000481,0.9501743866612292
13,1,2167878371,Evening commute: 2/22/2019,2019-02-22 22:14:35+00:00,3.74,1001,990,13.600595199999999,24.830034,,145.4,,,,True,False,237.8609,6,07/08/2019 12:39:06 AM ET,3.6100000000000003,928.0,14.037469582,29.952626600000002,132.31,,,159.9737584,1.0360110803324099,1.0668103448275863,0.9688779819291508,0.8289768483943241,1.0989343209130074,,,1.4868744872846593,1.0810808439468562
15,1,2174485763,Morning commute: 2/25/2019,2019-02-25 14:18:40+00:00,3.75,883,832,16.2401844,27.290668,,137.9,,,,True,False,108.92388799999999,1,07/08/2019 12:39:06 AM ET,3.622727272727273,919.2727272727273,14.237716383636364,29.710630363636366,132.81818181818184,,,155.3328610909091,1.0351317440401504,0.9050632911392406,1.140645308728379,0.91854893908282,1.038261464750171,,,0.7012288786482335,0.9564799377314991
16,1,2175656769,Evening commute: 2/25/2019,2019-02-26 00:05:16+00:00,3.65,998,935,14.04574626,27.96175,,146.2,,,,True,False,227.03412799999998,3,07/08/2019 12:39:06 AM ET,3.625,920.5833333333334,14.221718873333332,29.564890333333334,133.93333333333337,,,161.30796666666666,1.006896551724138,1.0156603602788088,0.987626487705133,0.9457755359394703,1.0915878546540565,,,1.407457627118644,1.0758340695700417
17,1,2176785270,Morning commute: 2/26/2019,2019-02-26 14:19:59+00:00,3.71,840,834,16.02543816,28.409138000000002,,127.7,,,,True,False,106.955384,3,07/08/2019 12:39:06 AM ET,3.6315384615384616,913.9230769230769,14.36046651076923,29.475986307692306,133.45384615384617,,,157.12699876923077,1.0216055920355858,0.9125494486996044,1.1159413343558282,0.9638061879743142,0.9568851230618478,,,0.6806938644394475,0.9419135917611047
18,1,2178013812,Evening commute: 2/26/2019,2019-02-26 22:41:54+00:00,3.90,1038,995,14.119565280000002,32.211936,,157.2,,,,True,False,233.26772400000002,1,07/08/2019 12:39:06 AM ET,3.650714285714286,919.7142857142857,14.343259279999998,29.67141128571428,135.15000000000003,,,162.56562200000002,1.0682840931324593,1.0818577197887542,0.9844042420461637,1.0856219709208403,1.1631520532741395,,,1.4349142280524723,1.136372384535805
19,1,2178336733,Pick-up!!,2019-02-27 01:53:41+00:00,3.21,5610,928,12.46870356,24.606340000000007,,95.6,,,,True,False,88.58268000000001,1,07/08/2019 12:39:06 AM ET,3.6213333333333333,920.2666666666667,14.218288898666664,29.333739866666665,132.51333333333335,,,157.63342586666667,0.8864138438880707,1.0084033613445378,0.8769482494598395,0.8388408744280633,0.7214368365447501,,,0.5619536561676148,0.815666136972146
20,1,2179209108,Morning commute: 2/27/2019,2019-02-27 13:45:55+00:00,3.83,973,923,14.93381144,25.277422000000005,,133.0,,,,True,False,111.876644,5,07/08/2019 12:39:06 AM ET,3.634375,920.4375,14.263009057499998,29.080219999999997,132.54375000000002,,,154.773627,1.0538263112639725,1.0027840021728798,1.047030916112843,0.8692307692307695,1.0034422596312538,,,0.7228404875463699,0.949859124326348
21,1,2180515053,Evening commute: 2/27/2019,2019-02-27 23:30:04+00:00,3.84,1030,975,14.18667348,34.67257,,162.7,,,,True,False,230.97113600000003,3,07/08/2019 12:39:06 AM ET,3.6464705882352937,923.6470588235294,14.258518729411762,29.40918176470588,134.31764705882352,,,159.2558334117647,1.0530730763026295,1.0555980129919755,0.9949612403100777,1.1789709172259508,1.2113076990452833,,,1.4503150751333012,1.1573710035015363
22,1,2180685969,Errands!,2019-02-28 00:46:39+00:00,5.86,5262,1757,12.012367800000002,23.711564000000003,,100.6,,,,True,False,164.69816799999998,5,07/08/2019 12:39:06 AM ET,3.769444444444444,969.9444444444445,14.133732566666664,29.09264744444444,132.44444444444446,,,159.55818533333334,1.5546057479734712,1.811443954407469,0.8499076760749146,0.8150363092695431,0.7595637583892616,,,1.032213845099383,1.1371285485356737
23,1,2181559569,Morning commute (conference edition): 2/28/2019,2019-02-28 13:20:55+00:00,6.91,2530,1890,13.16662884,30.646078000000003,,111.8,,,,True,False,136.81102800000002,4,07/08/2019 12:39:06 AM ET,3.934736842105263,1018.3684210526316,14.082832370526313,29.174406947368418,131.35789473684213,,,158.3609665263158,1.7561530230069557,1.8559098661429532,0.9349418138041735,1.05044390637611,0.8511098645724816,,,0.8639188747137718,1.2187462247694076
24,1,2182433021,Afternoon commute (conference edition): 2/28/2019,2019-02-28 20:17:05+00:00,7.15,1992,1896,13.567041100000004,23.711564000000003,,118.0,,,,True,False,242.125992,4,07/08/2019 12:39:06 AM ET,4.0954999999999995,1062.25,14.057042806999997,28.901264799999996,130.69,,,162.5492178,1.7458185813697964,1.7848905624852907,0.965141906891257,0.8204334365325079,0.9028999923483052,,,1.4895549500454133,1.2847899049454283
25,1,2190613676,Morning commute: 3/4/2019,2019-03-04 13:52:59+00:00,3.76,903,840,16.105968,33.106712,,145.7,,,,True,False,110.23622399999999,1,07/08/2019 12:39:06 AM ET,4.07952380952381,1051.6666666666667,14.15461067333333,29.101524190476187,131.4047619047619,,,160.05812285714288,0.9216761993696743,0.7987321711568938,1.1378601906969397,1.1376281112737923,1.108787823881138,,,0.6887262079062956,0.9655684507141222
26,1,2191601063,Evening commute: 3/4/2019,2019-03-04 22:53:26+00:00,3.78,1072,999,13.63191236,30.646078000000003,,149.9,,,,True,False,230.97113600000003,5,07/08/2019 12:39:06 AM ET,4.065909090909091,1049.2727272727273,14.130851659090906,29.171731181818178,132.24545454545455,,,163.28144163636364,0.9296813862493012,0.9520880263385895,0.9646914912754094,1.0505402579295924,1.1334983158039458,,,1.4145584071604715,1.0741763141262182
27,1,2192830675,Morning commute: 3/5/2019,2019-03-05 14:41:38+00:00,2.35,702,646,13.097283700000002,27.514362,,87.4,,,,True,False,23.622048,4,07/08/2019 12:39:06 AM ET,3.991304347826087,1031.7391304347825,14.085913921739127,29.09967165217391,130.29565217391306,,,157.20929408695653,0.5887799564270153,0.6261272650653182,0.9298142650003456,0.9455213903743316,0.6707821676454885,,,0.15025859722348242,0.6518806069559969
28,1,2193985957,Evening commute: 3/5/2019,2019-03-05 23:40:59+00:00,3.75,1091,999,13.50664372,29.08022,,149.7,,,,True,False,230.97113600000003,2,07/08/2019 12:39:06 AM ET,3.9812499999999997,1030.375,14.06177766333333,29.098861166666666,131.10416666666666,,,160.2827041666667,0.9419152276295134,0.9695499211452141,0.9605217806294245,0.9993593850096093,1.1418401398379152,,,1.4410234541577824,1.0757016514015765
29,1,2195042640,Morning commute: 3/6/2019,2019-03-06 14:20:57+00:00,3.72,911,896,14.9315745,28.856526,,119.3,,,,True,False,108.92388799999999,2,07/08/2019 12:39:06 AM ET,3.9707999999999997,1025.0,14.096569536799997,29.08916776,130.632,,,158.22835152000002,0.9368389241462679,0.8741463414634146,1.0592346216588489,0.9920024607812981,0.9132524955600465,,,0.6883967819523926,0.9106452709270446
30,1,2196017736,Evening commute: 3/6/2019,2019-03-06 22:41:58+00:00,3.80,1031,988,13.83323696,27.96175,,148.8,,,,True,False,231.29922000000002,1,07/08/2019 12:39:06 AM ET,3.964230769230769,1023.5769230769231,14.08644136076923,29.04580553846154,131.33076923076925,,,161.03876953846157,0.9585718443776075,0.9652425506331492,0.9820249561770509,0.9626777251184833,1.1330170444561587,,,1.4362952515279737,1.072971562048404
31,1,2197103399,Morning commute: 3/7/2019,2019-03-07 14:04:33+00:00,3.71,934,874,15.29395878,31.540854000000003,,119.5,,,,True,False,107.93963600000001,1,07/08/2019 12:39:06 AM ET,3.954814814814814,1018.0370370370371,14.131164228148148,29.138214740740743,130.8925925925926,,,159.072134962963,0.9380970219142163,0.8585149343325935,1.0822858281935228,1.0824566391811203,0.9129622817690501,,,0.6785577877931402,0.9254790821972739
32,1,2198192344,Evening commute + MBT sprints: 3/7/2019,2019-03-07 22:29:05+00:00,11.29,3447,2667,15.24027222,31.093466000000006,,146.7,,,,True,False,463.910776,8,07/08/2019 12:39:06 AM ET,4.216785714285714,1076.9285714285713,14.170775227857144,29.208045142857145,131.45714285714286,,,169.95922928571431,2.677394765816888,2.476487364860384,1.0754720172288401,1.064551422319475,1.1159530536839817,,,2.7295415374008956,1.8565666935517442
33,1,2200046596,Evening commute (snow??): 3/8/2019,2019-03-08 22:18:14+00:00,3.74,1032,972,13.86008024,30.422384,,135.9,,,,True,False,240.157488,0,07/08/2019 12:39:06 AM ET,4.200344827586206,1073.3103448275863,14.160061607586208,29.249918896551726,131.6103448275862,,,172.37985889655172,0.8904030867744851,0.905609458330656,0.9788149673426919,1.040084388185654,1.0325936018026045,,,1.3931876353612915,1.0401155229662307
35,1,2206200791,Morning Commute: 3/11/2019,2019-03-11 13:26:07+00:00,2.99,1050,879,12.24277262,27.514362,,66.8,128.1,151.0,,True,True,88.910764,4,07/08/2019 12:39:06 AM ET,4.159999999999999,1066.8333333333333,14.096151974666666,29.192067,129.45000000000002,128.1,151.0,169.59755573333334,0.7187500000000002,0.8239337603499454,0.8685187732086371,0.9425287356321838,0.5160293549633062,1.0,1.0,0.5242455506835182,0.7992507718546988
36,1,2207168440,Evening commute: 3/11/2019,2019-03-11 21:39:41+00:00,4.18,1334,1253,12.01684168,20.579848000000002,,114.5,128.7,154.0,,True,True,261.482948,2,07/08/2019 12:39:06 AM ET,4.160645161290322,1072.8387096774193,14.02907744903226,28.91425348387097,128.96774193548387,128.39999999999998,152.5,172.5616006451613,1.0046518840130254,1.16792952071682,0.8565667787962019,0.7117544297479411,0.8878189094547274,1.002336448598131,1.0098360655737706,1.5153020545844833,1.0195245114356375
37,1,2208540946,Morning commute: 3/12/2019,2019-03-12 15:14:33+00:00,3.50,861,810,15.571339340000002,24.830034,,102.5,134.2,152.0,,True,True,105.643048,3,07/08/2019 12:39:06 AM ET,4.14,1064.625,14.077273133125,28.786621625,128.140625,130.33333333333331,152.33333333333334,170.470395875,0.8454106280193238,0.7608312786192322,1.1061332115066616,0.8625546381738709,0.7999024509206194,1.0296675191815858,0.9978118161925601,0.6197149215132014,0.8777533080158819
38,1,2209523470,Evening commute (detour): 3/12/2019,2019-03-12 22:19:13+00:00,6.73,1882,1778,13.62743848,25.501116000000003,,133.5,,,,True,False,359.580064,2,07/08/2019 12:39:06 AM ET,4.218484848484848,1086.2424242424242,14.063641780000001,28.687060848484847,128.3030303030303,130.33333333333331,152.33333333333334,176.20099187878787,1.5953595287694853,1.6368353512246834,0.9689836169874343,0.8889413988657846,1.040505432215399,,,2.0407380240365627,1.3618938920165584
39,1,2210620258,Morning Commute: 3/13/2019,2019-03-13 13:21:10+00:00,3.48,903,879,14.26496638,23.48787,,102.9,136.8,154.0,,True,True,105.31496399999999,2,07/08/2019 12:39:06 AM ET,4.196764705882352,1080.1470588235295,14.069563091764707,28.534143470588237,127.55588235294117,131.95,152.75,174.11610870588237,0.82921017590581,0.8137780803267528,1.013888369309042,0.8231496426100992,0.8067052502939889,1.036756347101175,1.0081833060556464,0.604854799379295,0.8670657463727262
40,1,2211804276,Evening commute: 3/13/2019,2019-03-13 23:01:56+00:00,6.83,1766,1647,14.920389800000002,27.738056000000004,,150.4,,,,True,False,362.860904,5,07/08/2019 12:39:06 AM ET,4.271999999999999,1096.3428571428572,14.093872426285715,28.511398114285715,128.20857142857142,131.95,152.75,179.50881714285714,1.5987827715355807,1.5022672782237048,1.0586437388331111,0.9728760367630577,1.1730884941947275,,,2.0214099216710184,1.3878447068702
41,1,2212786356,Morning commute: 3/14/2019,2019-03-14 13:15:56+00:00,3.73,1073,1014,13.24715868,25.053728,,78.7,132.1,150.0,,True,True,98.4252,0,07/08/2019 12:39:06 AM ET,4.256944444444444,1094.0555555555557,14.0703526,28.415351722222223,126.83333333333331,131.98,152.2,177.25649444444446,0.8762153344208811,0.9268267912456202,0.9414944356120827,0.8816969166848896,0.6204993429697767,1.0009092286710108,0.985545335085414,0.5552699228791773,0.8485571634461065
42,1,2213712761,Evening commute: 3/14/2019,2019-03-14 21:11:47+00:00,3.55,1031,884,14.4730018,22.816788,,154.0,139.7,160.0,,True,True,231.955388,4,07/08/2019 12:39:06 AM ET,4.237837837837837,1088.3783783783783,14.081235010810811,28.26403918918919,127.56756756756754,133.26666666666665,153.5,178.73484291891893,0.8376913265306123,0.8122175316612864,1.0278219054570434,0.8072727272727271,1.2072033898305088,1.0482741370685342,1.0423452768729642,1.2977625638735921,1.0100736073209085
43,1,2218014513,Soccer!,2019-03-16 18:53:37+00:00,1.91,1825,589,11.645509640000002,24.158952000000006,,88.1,121.7,144.0,,True,True,91.207352,0,07/08/2019 12:39:06 AM ET,4.17657894736842,1075.2368421052631,14.017136974736843,28.15601057894737,126.52894736842104,131.6142857142857,152.14285714285714,176.43148789473685,0.4573120786339866,0.5477862894343963,0.8308051537905895,0.8580388877273679,0.6962833551714814,0.9246716596114187,0.9464788732394367,0.5169562025935894,0.7222915625252834
45,1,2222100203,Morning Commute: 3/18/2019,2019-03-18 13:19:31+00:00,3.55,872,836,15.300669599999999,23.711564000000003,,100.2,134.2,151.0,,True,True,104.98688,2,07/08/2019 12:39:06 AM ET,4.16051282051282,1069.1025641025642,14.050048067692309,28.042050410256408,125.85384615384613,131.9375,152.0,174.59957487179489,0.8532601996795267,0.7819642643002758,1.0890119041787094,0.8455716915524649,0.796161603813948,1.0171482709616295,0.993421052631579,0.6013008913514816,0.8722299848087018
46,1,2223147409,Evening commute: 3/18/2019,2019-03-18 21:38:01+00:00,6.69,2017,1783,13.49769596,21.25093,,107.9,120.2,147.0,,True,True,363.51707200000004,5,07/08/2019 12:39:06 AM ET,4.22375,1086.95,14.036239265,27.872272399999996,125.40499999999997,130.63333333333333,151.44444444444446,179.32251230000003,1.5839005622965376,1.6403698422190534,0.9616319375273915,0.7624398073836277,0.8604122642637856,0.9201326869099261,0.970652971386647,2.0271691899556328,1.2158386577428253
47,1,2224327965,Morning Commute: 3/19/2019,2019-03-19 12:51:33+00:00,2.41,598,598,14.50208202,28.409138000000002,,61.5,129.3,144.0,,True,True,20.013124,4,07/08/2019 12:39:06 AM ET,4.1795121951219505,1075.0243902439024,14.047601283414634,27.885366682926826,123.8463414634146,130.5,150.7,175.43691746341466,0.576622315592904,0.5562664488610581,1.0323529069067436,1.0187830170221095,0.4965830986470254,0.9908045977011495,0.9555408095554082,0.11407589855865717,0.7176286366056319
48,1,2224832704,Lunch ride to bike rack,2019-03-19 16:42:33+00:00,5.13,1878,1404,13.153207199999999,23.711564000000003,,112.8,,,,True,False,143.70079199999995,1,07/08/2019 12:39:06 AM ET,4.2021428571428565,1082.857142857143,14.026306186190476,27.785990428571424,123.58333333333331,130.5,150.7,174.68129542857145,1.2208057113717492,1.296569920844327,0.9377527501110675,0.8533640023001727,0.9127444369521241,,,0.8226455594311776,1.0073137301684363
49,1,2225686033,Evening Commute: 3/19/2019,2019-03-19 21:45:18+00:00,6.87,2224,1831,13.5111176,25.053728,,134.1,,,,True,False,363.188988,4,07/08/2019 12:39:06 AM ET,4.264186046511628,1100.2558139534883,14.01432505627907,27.722449441860462,123.82790697674417,130.5,150.7,179.06519525581396,1.6110929319371727,1.664158440954535,0.9640933506067344,0.9037342841058361,1.0829545881380762,,,2.02825003195705,1.3757139379499008
50,1,2226884014,Morning Commute: 3/20/2019,2019-03-20 13:18:10+00:00,2.26,646,612,13.29637136,21.25093,,43.4,127.8,146.0,,True,True,0.0,0,07/08/2019 12:39:06 AM ET,4.218636363636363,1089.159090909091,13.998007926818183,27.575369454545452,121.99999999999999,130.25454545454545,150.27272727272728,174.99553172727272,0.5357181338217865,0.5619013834693153,0.9498759701747312,0.7706489675516225,0.3557377049180328,0.9811557788944724,0.9715668481548699,0.0,0.6408255983731038
51,1,2228125563,Evening Commute: 3/20/2019,2019-03-20 21:53:01+00:00,6.68,1773,1685,14.27838802,22.593094,,119.9,122.3,147.0,,True,True,365.485576,6,07/08/2019 12:39:06 AM ET,4.2733333333333325,1102.4,14.004238595555554,27.46465222222222,121.9533333333333,129.59166666666667,150.0,179.22864382222224,1.5631825273010922,1.5284833091436865,1.019576174925458,0.8226244343891403,0.9831629585087195,0.9437335219600025,0.98,2.0392140910385224,1.2349971271583278
52,1,2231616732,Morning commute (ow!): 3/22/2019,2019-03-22 13:18:59+00:00,3.59,1057,927,13.95626866,23.264176000000006,,94.3,125.1,149.0,,True,True,99.737536,0,07/08/2019 12:39:06 AM ET,4.258478260869565,1098.5869565217392,14.003195770869564,27.373337521739128,121.35217391304346,129.24615384615385,149.92307692307693,177.50057626086956,0.8430241462045025,0.8438112199465716,0.9966488284790543,0.8498845265588918,0.7770771380459318,0.9679204856564694,0.9938429964084144,0.5618997870374092,0.8542636410421556
53,1,2232684975,Evening commute + a show: 3/22/2019,2019-03-22 21:59:29+00:00,4.83,3547,1352,12.85569418,23.040482000000004,,102.7,114.8,141.0,,True,True,244.094496,2,07/08/2019 12:39:06 AM ET,4.27063829787234,1103.9787234042553,13.978780843404254,27.281149106382976,120.95531914893614,128.2142857142857,149.28571428571428,178.91746817021277,1.1309784774810683,1.224661283173049,0.9196577529910864,0.8445568736915564,0.8490738623370686,0.8953760445682453,0.9444976076555024,1.3642854356053216,1.0216359171878622
57,1,2242386144,Sick day errands,2019-03-26 17:11:33+00:00,2.14,1631,715,10.75744446,19.237683999999998,,69.9,122.1,148.0,,True,True,93.17585600000001,1,07/08/2019 12:39:06 AM ET,4.226249999999999,1095.875,13.91166966875,27.113576916666663,119.89166666666664,127.80666666666664,149.2,177.13118458333335,0.5063590653652766,0.6524466750313677,0.7732676749912065,0.7095221725678927,0.5830263432265241,0.9553492253925201,0.9919571045576409,0.526027397260274,0.7122444572990878
58,1,2253157887,Burrito + grocery shopping,2019-03-30 21:16:35+00:00,7.33,4542,2277,11.59182308,23.935257999999997,,82.8,118.8,161.0,,True,True,288.3858360000001,8,07/08/2019 12:39:06 AM ET,4.289591836734694,1119.9795918367347,13.864325860816326,27.04871326530612,119.13469387755099,127.24374999999998,149.9375,179.40168767346938,1.7087872876920882,2.0330727600721588,0.8360899185701538,0.8848945147679325,0.6950116486227218,0.9336411415098975,1.0737807419758232,1.6074867507650972,1.2215955954969842
60,1,2256370991,Ivy & Coney & BBQ,2019-03-31 21:08:09+00:00,3.21,17381,1034,11.18246306,28.856526,,81.2,119.7,143.0,,True,True,141.73228799999998,2,07/08/2019 12:39:06 AM ET,4.268,1118.26,13.8106886048,27.084869519999998,118.37599999999996,126.79999999999997,149.52941176470588,178.64829967999998,0.7521087160262419,0.9246507967735589,0.8096962707647654,1.0654112983151636,0.6859498547002774,0.9440063091482652,0.9563335955940204,0.7933592889150077,0.8664395162796625
61,1,2257173333,Morning Commute: 4/1/2019,2019-04-01 13:13:03+00:00,2.36,617,592,14.33654846,27.96175,,91.6,,,,True,False,24.934384,2,07/08/2019 12:39:06 AM ET,4.230588235294118,1107.9411764705883,13.820999582352941,27.102063254901957,117.85098039215684,126.79999999999997,149.52941176470588,175.63430133333333,0.5578420467185761,0.5343243960711441,1.0373018517636978,1.0317203430975888,0.7772527618794091,,,0.14196762141967623,0.6800681701583486
62,1,2258479955,Evening commute: 4/1/2019,2019-04-01 23:00:27+00:00,7.11,1935,1752,14.600507380000002,30.646078000000003,,152.7,,,,True,False,355.314972,4,07/08/2019 12:39:06 AM ET,4.285961538461539,1120.326923076923,13.835990116923076,27.17021738461538,118.52115384615382,126.79999999999997,149.52941176470588,179.08969884615382,1.6589042939830394,1.5638292394047066,1.0552556959506518,1.1279290690310326,1.288377602180721,,,1.9840056367799896,1.4463835895550234
63,1,2259597272,Morning Commute: 4/2/2019,2019-04-02 13:25:51+00:00,2.36,636,616,13.775076520000002,26.619585999999998,,82.7,,,,True,False,24.6063,4,07/08/2019 12:39:06 AM ET,4.2496226415094345,1110.811320754717,13.834840803773584,27.159828113207546,117.84528301886789,126.79999999999997,149.52941176470588,176.17491773584902,0.5553434267193534,0.5545496237664125,0.9956801610787397,0.9801087801087801,0.7017675878190146,,,0.13966971187631766,0.6545198818947697
64,1,2260870572,(Rainy) Evening Commute: 4/2/2019,2019-04-02 22:10:47+00:00,6.96,1861,1762,14.226938400000002,28.856526,,140.6,,,,True,False,355.314972,7,07/08/2019 12:39:06 AM ET,4.299814814814816,1122.8703703703704,13.842101870370369,27.19124844444444,118.26666666666664,126.79999999999997,149.52941176470588,179.49232614814812,1.6186743615142767,1.5691927104807453,1.0278018853808173,1.0612431444241317,1.188838782412627,,,1.9795552245878891,1.4075510181334145
65,1,2262127832,Morning commute: 4/3/2019,2019-04-03 13:45:05+00:00,2.35,708,689,12.26737896,22.145706,,48.9,125.3,141.0,,True,True,21.653544,0,07/08/2019 12:39:06 AM ET,4.264363636363638,1114.9818181818182,13.813470544727272,27.099511309090907,117.00545454545451,126.71666666666664,149.05555555555554,176.6225301090909,0.5510787072567578,0.6179472963277021,0.8880736322040785,0.8171994597028366,0.4179292340683419,0.9888202025516245,0.9459560193812897,0.12259785875916109,0.6687003012814741
66,1,2263244803,Afternoon Ride,2019-04-03 21:54:17+00:00,7.01,2349,1883,13.3992706,21.922012,,108.5,131.1,162.0,,True,True,357.61156,6,07/08/2019 12:39:06 AM ET,4.3133928571428575,1128.6964285714287,13.806074117142856,27.007055964285712,116.8535714285714,126.9473684210526,149.73684210526315,179.85447707142856,1.6251707720968742,1.6682962330121662,0.9705344536259056,0.8117142434551102,0.9285124851004006,1.0327114427860697,1.0818980667838314,1.9883383823577316,1.2633970099022611
67,1,2263570996,Pickup!,2019-04-04 00:54:02+00:00,3.23,5450,966,12.0235525,31.540854000000003,,97.3,,,,True,False,94.816276,2,07/08/2019 12:39:06 AM ET,4.294385964912281,1125.842105263158,13.774801808070174,27.086596280701755,116.51052631578945,126.9473684210526,149.73684210526315,178.3625788070175,0.7521447830705122,0.8580244027862185,0.8728657346602127,1.1644450883801798,0.8351176762885668,,,0.5315928746611592,0.8356984266411415
68,1,2265489200,Evening Commute: 4/4/2019,2019-04-04 21:34:09+00:00,3.73,1017,922,14.56024246,26.84328,,143.8,128.6,144.0,,True,True,230.314968,3,07/08/2019 12:39:06 AM ET,4.284655172413793,1122.3275862068965,13.788343888275863,27.082401172413793,116.9810344827586,127.02999999999997,149.45,179.2583096551724,0.8705484688744919,0.8215070281895691,1.0559819640399655,0.9911706066647679,1.2292590900381732,1.0123592852082186,0.9635329541652727,1.2848217103187125,1.0286476384373964
70,1,2274527489,Morning Commute: 4/8/2019,2019-04-08 13:15:12+00:00,2.24,891,698,11.5761645,23.264176000000006,,46.2,119.3,138.0,,True,True,27.887140000000002,0,07/08/2019 12:39:06 AM ET,4.250000000000001,1115.135593220339,13.750849322372883,27.017685491525423,115.78135593220337,126.66190476190475,148.9047619047619,176.6926966101695,0.5270588235294117,0.62593284999924,0.8418508725250425,0.8610721302273368,0.39902797499670634,0.941877514192263,0.9267668692037097,0.15782848151062157,0.6601769395230415
71,1,2275686100,Evening Commute & Groceries: 4/8/2019,2019-04-08 21:40:04+00:00,4.97,3299,1438,12.441860280000002,26.619585999999998,,110.9,128.4,148.0,,True,True,264.10762,5,07/08/2019 12:39:06 AM ET,4.2620000000000005,1120.5166666666667,13.729032838333334,27.0110505,115.69999999999997,126.74090909090908,148.86363636363637,178.14961200000002,1.1661191928671983,1.2833365560530112,0.9062444839712692,0.9855072463768115,0.9585133967156442,1.0130904135136105,0.9941984732824427,1.4825046040515653,1.0986892958539443
72,1,2276837727,Morning Commute: 4/9/2019,2019-04-09 12:39:05+00:00,2.25,661,580,13.976401120000002,27.96175,,56.2,127.6,149.0,,True,True,0.0,3,07/08/2019 12:39:06 AM ET,4.229016393442623,1111.655737704918,13.733088056065574,27.026635737704915,114.7245901639344,126.7782608695652,148.8695652173913,175.22912655737707,0.5320386091405978,0.5217442597808615,1.0177172871055,1.0345997286295794,0.4898688234117346,1.0064817037621319,1.000876168224299,0.0,0.700415822506838
73,1,2278173964,Evening Commute: 4/9/2019,2019-04-09 21:57:13+00:00,6.65,1890,1790,13.37913814,23.040482000000004,,119.0,134.2,166.0,,True,True,357.61156,46,07/08/2019 12:39:06 AM ET,4.268064516129033,1122.5967741935483,13.727379186451614,26.96234293548387,114.79354838709675,127.08749999999998,149.58333333333334,178.17077870967742,1.558083289244955,1.5945173201534462,0.9746316436865593,0.854543021544226,1.0366436238970385,1.055965378184322,1.1097493036211699,2.007128007128007,1.2739076984324653
74,1,2279452545,Morning Commute: 4/10/2019,2019-04-10 13:39:04+00:00,2.28,730,654,12.56936586,24.158952000000006,,52.3,130.7,161.0,,True,True,23.622048,0,07/08/2019 12:39:06 AM ET,4.2365079365079366,1115.1587301587301,13.708998022539683,26.917844666666667,113.80158730158728,127.23199999999997,150.04,175.71762425396824,0.5381790932933682,0.586463596897018,0.9168697697186946,0.8975069252077564,0.4595717971964573,1.0272572937625757,1.073047187416689,0.13443186533104143,0.70416594110295
75,1,2280835985,Evening Commute + baroness/deafheaven (heavy pedal),2019-04-10 21:56:07+00:00,12.27,9620,3268,13.5111176,26.395892000000003,,119.2,134.0,172.0,,True,True,751.31236,8,07/08/2019 12:39:06 AM ET,4.362031249999999,1148.796875,13.7059061409375,26.90968915625,113.88593749999997,127.49230769230766,150.8846153846154,184.711292,2.812909696600638,2.8447152591705995,0.9857879851988993,0.9809066112482142,1.0466612701853557,1.0510438035477256,1.1399439204690287,4.067495559502665,1.8661830132403907
76,1,2281020395,This is your brain on black metal,2019-04-11 03:31:06+00:00,5.74,1189,1189,17.3698391,31.764547999999998,,124.8,130.0,150.0,,True,True,158.13648799999999,1,07/08/2019 12:39:06 AM ET,4.383230769230769,1149.4153846153847,13.762274340307693,26.984379292307693,114.05384615384612,127.58518518518515,150.85185185185185,184.30244886153844,1.309536344810642,1.0344389120890887,1.2621343442577857,1.1771457722229306,1.0942200040466719,1.0189270784951234,0.9943530567149521,0.8580270581146958,1.0935978213439863
77,1,2281875052,Morning Commute: 4/11/2019,2019-04-11 13:45:11+00:00,2.34,659,659,12.81095538,20.356154,,50.6,129.2,146.0,,True,True,27.887140000000002,1,07/08/2019 12:39:06 AM ET,4.352272727272727,1141.9848484848485,13.747860416666668,26.883951636363637,113.09242424242422,127.64285714285711,150.67857142857142,181.93251993939393,0.5376501305483029,0.5770654495760968,0.9318508474576269,0.7571860816944024,0.4474216583379109,1.012199216564074,0.9689499881488505,0.1532828765813274,0.6732007811135741
78,1,2285081508,Evening Commute: 4/12/2019,2019-04-12 21:38:00+00:00,6.89,1841,1709,14.51997754,26.172198,,137.2,135.3,166.0,,True,True,356.955392,8,07/08/2019 12:39:06 AM ET,4.390149253731342,1150.44776119403,13.759384552835822,26.873328447761196,113.45223880597013,127.90689655172412,151.20689655172413,184.5448016119403,1.569422723872986,1.4855085625324338,1.055278125576294,0.9739098024599329,1.2093194585136755,1.0578006631979082,1.0978335233751426,1.93424788388569,1.297915092926758
79,1,2285383742,Damaged City: Day One,2019-04-12 22:58:50+00:00,2.48,11868,787,11.36589214,21.474624,,67.3,115.7,145.0,,True,True,89.56693200000002,1,07/08/2019 12:39:06 AM ET,4.362058823529411,1145.1029411764705,13.724186135000002,26.79393573529412,112.77352941176468,127.49999999999997,151.0,183.14806823529412,0.5685388712831233,0.6872744551607228,0.8281651114461512,0.8014732965009207,0.5967712489893854,0.9074509803921571,0.9602649006622517,0.48904109589041106,0.7298724950406403
80,1,2288124478,Damaged City: Day 2,2019-04-13 21:56:29+00:00,3.40,20439,1110,11.04153584,21.922012,,59.7,109.4,136.0,,True,True,87.598428,0,07/08/2019 12:39:06 AM ET,4.3481159420289845,1144.5942028985507,13.685307145217394,26.72332814492754,112.00434782608693,126.91612903225804,150.51612903225808,181.76329084057969,0.7819478701419906,0.9697760107373032,0.8068168089204112,0.8203324032512433,0.5330150227087459,0.861986579910533,0.9035576510930132,0.48193685091689126,0.7699211497100165
82,1,2291683154,Morning Commute: 4/15/2019,2019-04-15 13:25:19+00:00,2.30,691,549,15.05236926,30.869772000000005,,80.9,118.9,138.0,,True,True,27.230971999999998,2,07/08/2019 12:39:06 AM ET,4.318857142857142,1136.0857142857142,13.704836604000002,26.78256305714286,111.55999999999997,126.66562499999998,150.125,179.55568628571427,0.5325482931992592,0.48323818625355236,1.0983253354225833,1.1526070874597305,0.7251703119397636,0.9386919300323195,0.9192339716902581,0.15165753067084312,0.7501840808335387
84,1,2296648726,Morning Commute: 4/17/2019,2019-04-17 13:19:08+00:00,2.26,712,643,12.65436958,28.856526,,61.5,133.7,157.0,,True,True,22.309712,1,07/08/2019 12:39:06 AM ET,4.289859154929577,1129.1408450704225,13.69004129380282,26.8117738028169,110.85492957746476,126.87878787878785,150.33333333333334,177.34095425352112,0.5268238229693348,0.5694595167708216,0.9243485325152638,1.0762632197414805,0.5547791174863737,1.0537616431812755,1.0443458980044344,0.1258012402939184,0.7344478738703628
85,1,2298073694,Evening Commute: 4/17/2019,2019-04-17 22:16:43+00:00,8.15,5287,2125,13.80639368,24.830034,,115.4,135.2,166.0,,True,True,396.32547200000005,7,07/08/2019 12:39:06 AM ET,4.343472222222221,1142.9722222222222,13.69165729916667,26.78424963888889,110.91805555555553,127.12352941176468,150.7941176470588,180.38240588888888,1.8763789850669912,1.8591877901183562,1.0083800213755214,0.927038626609442,1.0404077083933339,1.063532460321133,1.100838697093817,2.197140403172839,1.3841130865189293
86,1,2299268865,Morning Commute: 4/18/2019,2019-04-18 13:32:49+00:00,2.31,718,650,12.7841121,27.290668,,57.3,130.9,149.0,,True,True,23.950132,1,07/08/2019 12:39:06 AM ET,4.315616438356163,1136.2191780821918,13.679225173150687,26.79118687671233,110.18356164383559,127.23142857142852,150.74285714285713,178.23949802739725,0.5352653631284918,0.5720727237654321,0.9345640515584466,1.0186434862175453,0.5200412760772809,1.0288338460847504,0.9884382107657317,0.13437050858569305,0.7165286832729215
87,1,2300395487,Evening Commute: 4/18/2019,2019-04-18 21:50:13+00:00,3.52,895,801,15.815165799999999,29.974996000000004,,172.8,142.6,170.0,,True,True,228.01837999999998,4,07/08/2019 12:39:06 AM ET,4.3048648648648635,1131.6891891891892,13.70808923567568,26.834211324324325,111.0297297297297,127.6583333333333,151.27777777777777,178.9121856216216,0.81767955801105,0.707791509940892,1.1537104499466342,1.1170440464120763,1.556339913828778,1.1170441934852147,1.123760558207859,1.274470932249591,1.108480145260262
88,1,2300702190,Rock and roll!,2019-04-18 23:44:31+00:00,7.24,6855,1935,13.477563500000002,23.711564000000003,,85.4,130.5,148.0,,True,True,158.792656,0,07/08/2019 12:39:06 AM ET,4.3439999999999985,1142.4,13.705015559200005,26.79257602666667,110.68799999999996,127.73513513513511,151.1891891891892,178.64392522666665,1.6666666666666672,1.6938025210084031,0.9834037357916521,0.8850050094623177,0.7715380167678523,1.0216452964326521,0.9789059706828744,0.8888780057789314,1.1112306528239189
89,1,2303082949,Evening Commute: 4/19/2019 (New Bike Edition),2019-04-19 22:22:00+00:00,3.65,1277,1093,12.01684168,21.25093,,90.5,126.2,155.0,,True,True,198.49082,1,07/08/2019 12:39:06 AM ET,4.33486842105263,1141.75,13.682802745000004,26.71965963157895,110.42236842105258,127.69473684210523,151.28947368421052,178.90506857894735,0.8420094096220977,0.9573023866871031,0.8782441656108225,0.795329367702137,0.819580319586278,0.9882944522298247,1.0245260045225257,1.1094756653717155,0.926845221416563
90,1,2305800885,Union Market + Hirshhorn (GPS bugged out),2019-04-20 17:06:02+00:00,3.04,15249,949,11.520241000000002,21.922012,,103.4,115.6,148.0,,True,True,170.275596,0,07/08/2019 12:39:06 AM ET,4.318051948051947,1139.2467532467533,13.65471752753247,26.657352519480522,110.33116883116878,127.38461538461536,151.2051282051282,178.7929975064935,0.7040211735691301,0.8330065433984633,0.8436821176836027,0.8223626852659109,0.9371785062680247,0.9074879227053142,0.978802781075123,0.9523616605500216,0.8723629238144488
91,1,2306189324,Lol 4.20 miles blaze it,2019-04-21 00:28:18+00:00,4.20,9997,1161,13.030175500000002,26.619585999999998,,86.5,125.2,145.0,,True,True,128.280844,4,07/08/2019 12:39:06 AM ET,4.31653846153846,1139.525641025641,13.646710578461542,26.656868333333332,110.02564102564098,127.32999999999997,151.05,178.14540579487178,0.9730018711574449,1.0188449984811494,0.9548217077722296,0.9986013986013986,0.7861803775343746,0.9832718133982568,0.9599470374048328,0.7200906665407409,0.9243449838613035
93,1,2310937296,Getting my ID badge renewed + bonchon!,2019-04-22 18:07:52+00:00,4.61,3695,1563,10.61875418,23.711564000000003,,66.5,122.2,147.0,,True,True,162.073496,0,07/08/2019 12:39:06 AM ET,4.320253164556961,1144.886075949367,13.6083820164557,26.619586,109.47468354430376,127.20487804878046,150.9512195121951,177.94196389873417,1.0670670963961328,1.3652013356035646,0.780309824280319,0.8907563025210085,0.6074463779846219,0.9606549833186335,0.9738245273873001,0.9108222279272762,0.9445103344273571
94,1,2311209777,Evening Commute: 4/22/2019,2019-04-22 21:48:54+00:00,6.52,1874,1648,14.24036004,23.935257999999997,,119.5,131.3,155.0,,True,True,354.002636,1,07/08/2019 12:39:06 AM ET,4.347749999999999,1151.175,13.616281741750004,26.586031900000002,109.59999999999995,127.30238095238093,151.04761904761904,180.1427223,1.4996262434592609,1.4315807761634851,1.0458332392121747,0.9002944888514933,1.0903284671532851,1.0314025473656652,1.0261664564943254,1.965123161681009,1.2487944225475873
95,1,2314021068,Evening Commute: 4/23/2019,2019-04-23 22:20:00+00:00,6.88,1796,1707,14.513266720000004,25.72481,,130.5,129.2,156.0,,True,True,356.29922400000004,4,07/08/2019 12:39:06 AM ET,4.379012345679011,1158.037037037037,13.627355630370374,26.5753995308642,109.85802469135798,127.34651162790695,151.1627906976744,182.31749392592593,1.5711305328446579,1.4740461189113123,1.0650097578473154,0.9679933492673802,1.1878968365454856,1.0145546850745997,1.032,1.9542788589709412,1.2833637674327116
96,1,2315501219,Morning Commute: 4/24/2019,2019-04-24 13:19:18+00:00,3.18,6161,1007,11.35694438,24.158952000000006,,64.1,119.4,145.0,,True,True,23.622048,2,07/08/2019 12:39:06 AM ET,4.364390243902438,1156.1951219512196,13.599667688292687,26.54593065853659,109.29999999999995,127.16590909090905,151.02272727272728,180.38218360975608,0.7286241198166985,0.8709602565184372,0.8350898448626548,0.9100811838454425,0.5864592863677952,0.9389308884242135,0.9601203912716327,0.13095554964067074,0.7451526900934431
97,1,2319096893,Evening Commute: 4/25/2019,2019-04-25 21:53:44+00:00,6.98,1914,1805,13.92718844,27.066974,,131.6,,,,True,False,355.643056,4,07/08/2019 12:39:06 AM ET,4.39590361445783,1164.012048192771,13.603613721445788,26.55220828915663,109.56867469879515,127.16590909090905,151.02272727272728,182.49376038554217,1.5878419119662341,1.5506712347199652,1.023785938441056,1.019386926512383,1.2010732114974383,,,1.9487957026511868,1.388592487631377
98,1,2320312128,Morning Commute: 4/26/2019,2019-04-26 13:25:49+00:00,2.31,687,601,13.86679106,30.198690000000006,,80.4,133.2,164.0,,True,True,28.871392000000004,5,07/08/2019 12:39:06 AM ET,4.371071428571428,1157.3095238095239,13.606746785000004,26.59561878571429,109.22142857142853,127.29999999999995,151.3111111111111,180.66492266666666,0.52847454857423,0.5193079186125455,1.019111421643171,1.1354761189546412,0.7361192858544244,1.046347211311862,1.0838595975914231,0.15980629539951577,0.7785627997427267
99,1,2321563054,Evening Commute + Nats game + Oh wait forgot my keys: 4/26/2019,2019-04-26 21:20:20+00:00,27.44,19338,7457,13.24939562,25.277422000000005,,97.3,131.1,156.0,,True,True,987.5328400000001,21,07/08/2019 12:39:06 AM ET,4.642470588235293,1231.4235294117648,13.602542653647063,26.5801105882353,109.08117647058819,127.38260869565214,151.41304347826087,190.15748639999998,5.910645954233296,6.055593239770328,0.9740381601705634,0.950990099009901,0.8919962467239728,1.0291828793774322,1.0302943287867912,5.193236714975846,2.7544972028810166
100,1,2328030123,Morning Commute: 4/29/2019,2019-04-29 13:45:32+00:00,2.33,655,609,13.745996300000002,25.277422000000005,,62.4,119.3,138.0,,True,True,22.637795999999998,0,07/08/2019 12:39:06 AM ET,4.615581395348836,1224.1860465116279,13.604210719302332,26.564963046511636,108.5383720930232,127.21063829787231,151.12765957446808,188.20958302325582,0.5048118103491713,0.49747340425531916,1.0104221835153213,0.9515323607167334,0.5749118841262872,0.9378146481794312,0.9131352949457976,0.12027972027972027,0.6887976632959727
101,1,2329321089,Evening Commute: 4/29/2019,2019-04-29 22:03:05+00:00,8.46,7111,2303,13.22478928,26.172198,,109.2,125.5,153.0,,True,True,395.997388,2,07/08/2019 12:39:06 AM ET,4.6597701149425275,1236.5862068965516,13.59984955333334,26.560448505747136,108.54597701149422,127.17499999999997,151.16666666666666,190.59794859770116,1.8155402072027633,1.8623853211009176,0.9724217336476775,0.9853823814133589,1.0060253084131947,0.9868291724002362,1.0121278941565601,2.077658185271655,1.3397962754507955
102,1,2330424458,Morning Commute: 4/30/2019,2019-04-30 13:03:31+00:00,2.34,764,685,12.27408978,28.185444,,61.2,119.7,144.0,,True,True,23.622048,1,07/08/2019 12:39:06 AM ET,4.6334090909090895,1230.3181818181818,13.584784101363642,26.578914363636375,108.00795454545451,127.0224489795918,151.0204081632653,188.7004951818182,0.5050277137391477,0.556766542283962,0.9035174713426566,1.0604437643458298,0.56662493292792,0.9423531112931993,0.9535135135135135,0.12518275575927607,0.7016787256506881
103,1,2331746640,Evening Commute: 4/29/2019,2019-04-30 22:14:05+00:00,6.63,1773,1614,14.79959504,23.48787,,126.9,138.2,168.0,,True,True,353.018384,0,07/08/2019 12:39:06 AM ET,4.655842696629212,1234.629213483146,13.598433662471916,26.5441835280899,108.22022471910108,127.24599999999997,151.36,190.54676359550564,1.4240171827111041,1.3072750769006753,1.0883308627553903,0.8848593883155,1.1726089123302468,1.0860852207535012,1.109936575052854,1.8526600889920681,1.2407216634764175
104,1,2332207625,Reliable,2019-05-01 01:49:48+00:00,1.38,12504,414,12.01460474,19.461378,,80.9,120.2,149.0,,True,True,58.398952,0,07/08/2019 12:39:06 AM ET,4.619444444444443,1225.5111111111112,13.58083556333334,26.4654856888889,107.91666666666663,127.10784313725486,151.31372549019608,189.0784545777778,0.29873722188815405,0.33781823456879667,0.8846734565020448,0.7353493613824189,0.74965250965251,0.9456536829926729,0.9847090838408709,0.3088609547312408,0.6556818131948386
105,1,2334907822,Evening Commute + Roofer's Union: 5/1/2019,2019-05-01 21:48:33+00:00,3.40,1227,1058,11.5649798,21.027236,,103.1,126.1,150.0,,True,True,175.52494,4,07/08/2019 12:39:06 AM ET,4.606043956043954,1223.6703296703297,13.558683302197808,26.405724703296713,107.86373626373623,127.08846153846152,151.28846153846155,188.92951485714286,0.7381605630442566,0.8646119582592453,0.8529574400580153,0.7963135356544402,0.9558356086230085,0.99222225584844,0.9914834117198423,0.9290498635574298,0.8900793295955848
106,1,2336208078,Morning Commute: 5/2/2019,2019-05-02 13:39:58+00:00,2.28,711,593,13.81981532,24.158952000000006,,74.4,122.6,143.0,,True,True,22.637795999999998,3,07/08/2019 12:39:06 AM ET,4.580760869565215,1216.8152173913043,13.561521693695658,26.381303260869576,107.49999999999996,127.00377358490564,151.1320754716981,187.12199617391303,0.4977339059867596,0.4873377580462183,1.0190460651937323,0.9157603686635943,0.6920930232558142,0.965325647729974,0.9461922596754058,0.12097880774508309,0.7055584795370726
107,1,2337369931,Evening Commute: 5/2/2019,2019-05-02 22:26:06+00:00,6.87,1730,1629,15.188822600000002,25.501116000000003,,139.8,126.4,151.0,,True,True,355.314972,6,07/08/2019 12:39:06 AM ET,4.605376344086019,1221.247311827957,13.579019552903233,26.37183888172044,107.84731182795694,126.99259259259257,151.12962962962962,188.93052279569892,1.4917347653513902,1.3338821582024372,1.118550756983967,0.9669828529733672,1.2962770942591084,0.9953336444237053,0.9991422619776988,1.8806647371860705,1.2603210339197182
108,1,2338572648,Morning Commute: 5/3/2019,2019-05-03 13:16:57+00:00,2.35,921,636,13.28966054,27.066974,,60.7,129.1,143.0,,True,True,23.950132,0,07/08/2019 12:39:06 AM ET,4.581382978723402,1215.0212765957447,13.575941265531922,26.379233936170223,107.34574468085103,127.03090909090908,150.98181818181817,187.17541225531917,0.5129455474283062,0.5234476237172977,0.9789126425982143,1.0260712674785741,0.5654625637976316,1.0162880902285771,0.9471339113680155,0.12795554561050196,0.7122771490283898
109,1,2338985710,Lunch ride to Optometrist,2019-05-03 16:28:52+00:00,2.28,1445,803,10.20492028,19.237683999999998,,57.5,113.2,131.0,,True,True,39.37008,0,07/08/2019 12:39:06 AM ET,4.557157894736839,1210.6842105263158,13.54045683410527,26.3040597263158,106.82105263157891,126.78392857142855,150.625,185.6195666526316,0.5003118287020999,0.6632613137416858,0.7536614462147373,0.7313579804851845,0.5382834055971621,0.8928576458823365,0.8697095435684647,0.21210091538289796,0.645193009946821
110,1,2339629045,Evening Commute: 5/3/2019,2019-05-03 21:34:33+00:00,12.51,7745,3833,11.74840888,25.501116000000003,,89.1,125.9,166.0,,True,True,508.858284,6,07/08/2019 12:39:06 AM ET,4.639999999999998,1238.0,13.521789667916671,26.295695729166678,106.6364583333333,126.76842105263155,150.89473684210526,188.98663662500005,2.6961206896551735,3.0961227786752827,0.8688501425129843,0.9697828976517499,0.8355491301247426,0.9931495474549533,1.1001046389954656,2.6925622524819612,1.6565302596940392
111,1,2346450237,Morning Commute: 5/6/2019,2019-05-06 13:23:55+00:00,2.32,623,592,14.103906699999998,24.830034,,66.2,128.2,148.0,,True,True,21.32546,1,07/08/2019 12:39:06 AM ET,4.616082474226801,1231.340206185567,13.527790874432993,26.280585814433,106.21958762886595,126.79310344827583,150.8448275862069,187.25817088659798,0.5025906735751298,0.48077695914266577,1.0425875762653785,0.9448051948051945,0.6232372152611301,1.011096002175687,0.9811407017944909,0.11388266743732386,0.712514623807125
112,1,2347566862,Evening Commute: 5/6/2019,2019-05-06 22:11:37+00:00,6.84,1680,1657,14.85104466,23.711564000000003,,133.2,137.7,171.0,,True,True,355.314972,0,07/08/2019 12:39:06 AM ET,4.638775510204079,1235.6836734693877,13.541293464081637,26.25437130612246,106.49489795918366,126.97796610169488,151.1864406779661,188.97303620408167,1.4745270567531905,1.3409580749316663,1.0967227539520126,0.9031472787341329,1.2507641450677909,1.0844401137258568,1.1310538116591928,1.8802416426027952,1.2702318596783297
113,1,2347881166,Pick-up: 5/6/2019,2019-05-07 00:52:04+00:00,3.10,5077,896,12.45304498,21.474624,,83.7,120.8,142.0,,True,True,97.440948,2,07/08/2019 12:39:06 AM ET,4.623232323232321,1232.2525252525252,13.530301055151519,26.206091030303043,106.26464646464645,126.87499999999997,151.03333333333333,188.0484696565657,0.6705265457723404,0.7271236874246884,0.920381958187001,0.8194516295913085,0.7876561282104905,0.9521182266009854,0.9401898035753697,0.518169321866629,0.7919521626536017
114,1,2348941925,Morning Commute: 5/7/2019,2019-05-07 13:24:42+00:00,2.29,567,567,14.51997754,27.066974,,72.8,134.9,154.0,,True,True,21.653544,2,07/08/2019 12:39:06 AM ET,4.599899999999998,1225.6,13.540197820000003,26.21469986000001,105.92999999999998,127.00655737704915,151.08196721311475,186.38452040000004,0.4978369094980328,0.4626305483028721,1.072360812820089,1.0325113064254625,0.6872462947229303,1.0621498825412399,1.0193142361111112,0.11617672944904063,0.7437783399838473
115,1,2350138150,Afternoon Ride,2019-05-07 21:32:07+00:00,1.81,1629,599,10.900608620000002,19.685072,,77.8,124.4,144.0,,True,True,64.30446400000001,1,07/08/2019 12:39:06 AM ET,4.57227722772277,1219.3960396039604,13.514063273465348,26.150050079207933,105.65148514851482,126.96451612903222,150.96774193548387,185.17580697029706,0.3958640103941102,0.491226788135662,0.8066122230908284,0.7527737782671294,0.7363834014319453,0.9798013160903482,0.9538461538461538,0.3472616917517454,0.6829711703759903
116,1,2351492188,Morning Commute: 5/8/2019,2019-05-08 13:25:13+00:00,2.30,572,520,15.90016952,26.619585999999998,,77.5,129.7,145.0,,True,True,17.060368,3,07/08/2019 12:39:06 AM ET,4.549999999999998,1212.5392156862745,13.537456471960786,26.154653372549028,105.3754901960784,127.00793650793646,150.87301587301587,183.5276163921569,0.5054945054945057,0.42885210908885096,1.1745315342607336,1.0177762871038065,0.7354651433249911,1.021196025745173,0.9610731194108364,0.09295804269339969,0.7421683458902872
117,1,2352520357,Evening Commute: 5/8/2019,2019-05-08 20:58:07+00:00,2.04,1108,563,13.072677360000002,24.830034,,126.3,132.2,154.0,,True,True,104.98688,0,07/08/2019 12:39:06 AM ET,4.5256310679611635,1206.2330097087379,13.53294405339806,26.141792990291272,105.578640776699,127.08906249999995,150.921875,182.76508497087383,0.45076586433260407,0.4667423254615991,0.9659891675025075,0.9498213840657969,1.1962646901955016,1.0402154001254045,1.020395486075163,0.5744361950573389,0.8330788141019895
119,1,2355056882,Evening Commute: 5/9/2019,2019-05-09 21:54:19+00:00,4.91,3373,1545,11.45089586,28.856526,,112.3,129.8,159.0,,True,True,265.74804,2,07/08/2019 12:39:06 AM ET,4.529326923076922,1209.4903846153845,13.51292435923077,26.1678961923077,105.64326923076919,127.13076923076918,151.04615384615386,183.56299800000002,1.0840462795881545,1.2773975053065898,0.8474032382322791,1.1027453559099125,1.063011404490803,1.0209959460277127,1.0526583825626399,1.4477211796246647,1.1119974114678446
120,1,2356246244,Morning Commute: 5/10/2019,2019-05-10 13:45:28+00:00,2.35,716,610,13.87350188,23.48787,,57.6,126.4,145.0,,True,True,22.96588,0,07/08/2019 12:39:06 AM ET,4.508571428571427,1203.7809523809524,13.516358430857144,26.142372133333343,105.18571428571425,127.1196969696969,150.95454545454547,182.03350163809526,0.5212294043092524,0.5067367105231928,1.0264230525529359,0.8984597832287504,0.5476028792611709,0.9943384307321904,0.9605540499849442,0.12616293041299045,0.6976884051256784
121,1,2357229758,Evening Commute: 5/10/2019,2019-05-10 22:01:57+00:00,5.90,1951,1553,13.667703400000002,24.606340000000007,,126.4,126.2,153.0,,True,True,303.4777,2,07/08/2019 12:39:06 AM ET,4.521698113207545,1207.0754716981132,13.517786213584907,26.12788126415095,105.38584905660373,127.10597014925368,150.98507462686567,183.17920162264153,1.3048195284790325,1.2865806955842125,1.0110903652451932,0.9417656085938131,1.199402017742528,0.9928723241859541,1.0133451957295374,1.6567257489481777,1.1758251855635562
122,1,2357550960,Fitbit...the fuck?!,2019-05-11 02:56:16+00:00,1.81,1257,567,11.46655444,17.671826000000006,,72.6,122.7,147.0,,True,True,52.49344,1,07/08/2019 12:39:06 AM ET,4.496355140186915,1201.0934579439252,13.498615823177571,26.04885271028038,105.07943925233641,127.0411764705882,150.9264705882353,181.95783936448598,0.40254827378354235,0.4720698429001611,0.8494614996236536,0.678410914927769,0.6909058567172146,0.9658285873037925,0.9739842151417714,0.2884923242842458,0.6652126893352688
123,1,2359971893,Afternoon Ride,2019-05-11 20:44:41+00:00,8.10,2070,2011,14.499845080000002,23.935257999999997,,111.8,123.9,154.0,,True,True,373.031508,0,07/08/2019 12:39:06 AM ET,4.529722222222221,1208.5925925925926,13.507886464444447,26.029282388888895,105.14166666666662,126.995652173913,150.97101449275362,183.72704,1.7881891212362795,1.6639188526599658,1.0734355162198466,0.9195512055383144,1.0633272568756444,0.9756239515217916,1.0200633579725449,2.030357142857143,1.3168083006101914
124,1,2364163503,Morning Commute (Rain edition): 5/13/2019,2019-05-13 13:22:18+00:00,2.35,724,682,12.43067558,25.501116000000003,,57.9,115.8,141.0,,True,True,25.262468,0,07/08/2019 12:39:06 AM ET,4.509724770642201,1203.7614678899083,13.49800379577982,26.024436825688078,104.7082568807339,126.83571428571423,150.82857142857142,182.27323658715596,0.5210961022052243,0.5665574270253791,0.9209269583911718,0.9798911757747811,0.5529649879087375,0.9129920594695053,0.9348361432089412,0.13859669402381228,0.690982693500944
125,1,2365355260,Evening Commute: 5/13/2019,2019-05-13 21:20:51+00:00,6.72,1810,1641,14.7414346,23.711564000000003,,129.9,119.9,143.0,,True,True,356.627308,0,07/08/2019 12:39:06 AM ET,4.529818181818181,1207.7363636363636,13.50930771218182,26.003410709090915,104.93727272727268,126.73802816901403,150.71830985915494,183.8582736,1.4835032511840736,1.3587402428284319,1.091205775608111,0.9118636114804097,1.2378823712867433,0.9460459637268852,0.9487898327259134,1.9396859386152752,1.2397146234319805
126,1,2366736885,Morning Commute: 5/14/2019,2019-05-14 13:13:48+00:00,2.22,624,574,13.90481904,25.277422000000005,,59.7,132.6,145.0,,True,True,0.0,3,07/08/2019 12:39:06 AM ET,4.5090090090090085,1202.027027027027,13.5128708772973,25.99687027027028,104.5297297297297,126.8194444444444,150.63888888888889,182.20189275675676,0.49234765234765243,0.47752670039347944,1.0290055434009366,0.9723255813953487,0.5711293825628299,1.04558098784361,0.9625668449197862,0.0,0.6938103366079553
128,1,2369589722,Morning Commute: 5/15/2019,2019-05-15 13:24:27+00:00,2.20,894,580,13.667703400000002,25.501116000000003,,52.2,129.1,150.0,,True,True,0.0,1,07/08/2019 12:39:06 AM ET,4.488392857142856,1196.4732142857142,13.514253310535716,25.99244389285715,104.06249999999997,126.8506849315068,150.63013698630138,180.57509014285714,0.4901531728665209,0.48475803141673823,1.0113546850083575,0.9810972798524664,0.5016216216216218,1.017731989935314,0.9958166606038559,0.0,0.6853166801631094
129,1,2371367426,Evening Commute + Chorin': 5/15/2019,2019-05-15 21:44:41+00:00,15.38,20901,3743,14.79288422,27.96175,,115.6,125.1,155.0,,True,True,621.7191799999999,96,07/08/2019 12:39:06 AM ET,4.584778761061946,1219.0088495575221,13.525568628318585,26.009871380530978,104.16460176991147,126.82702702702699,150.6891891891892,184.4790201415929,3.3545784434836325,3.070527339779888,1.0936977680204902,1.075043762843443,1.109781999218392,0.9863828154967398,1.0286072997937405,3.3701348777915925,1.88609428830349
130,1,2372283369,Morning Commute; 5/16/2019,2019-05-16 13:28:00+00:00,2.15,693,574,13.50888066,24.830034,,53.4,120.5,139.0,,True,True,0.0,0,07/08/2019 12:39:06 AM ET,4.563421052631578,1213.3508771929824,13.52542224263158,25.999521929824567,103.719298245614,126.74266666666662,150.53333333333333,182.86078312280702,0.4711377659881207,0.4730700828501613,0.9987770006484943,0.9550188679245282,0.5148511502029771,0.9507453422683235,0.9233835252435784,0.0,0.6608729668907729
131,1,2373529986,Errands!,2019-05-16 21:21:38+00:00,2.56,2819,848,10.88718698,21.698318,,77.1,122.7,151.0,,True,True,101.70604,0,07/08/2019 12:39:06 AM ET,4.5459999999999985,1210.1739130434783,13.502481066434783,25.962120156521745,103.48782608695649,126.6894736842105,150.53947368421052,182.15508970434783,0.5631324241091071,0.7007257311202127,0.8063101089668604,0.8357683374541094,0.7450151666652665,0.9685098251007439,1.0030591731492002,0.5583486037369418,0.7726086712878053
132,1,2376026140,Evening Commute: 5/17/2019,2019-05-17 21:18:54+00:00,7.39,19613,1947,13.667703400000002,25.948504,,103.8,129.2,167.0,,True,True,326.771664,2,07/08/2019 12:39:06 AM ET,4.570517241379309,1216.5258620689656,13.50390539689655,25.962002775862075,103.49051724137928,126.7220779220779,150.75324675324674,183.40178431034482,1.6168848315666382,1.6004591934352346,1.0121296764372398,0.9994800564510137,1.00299044556806,1.0195539886857425,1.1077705031013094,1.7817256534813786,1.267624293590827
134,1,2378788958,Bardo + Nats,2019-05-18 21:38:50+00:00,10.62,19512,3412,11.20930634,21.25093,,69.1,124.2,155.0,,True,True,328.74016800000004,3,07/08/2019 12:39:06 AM ET,4.622222222222221,1235.2905982905984,13.484293439145299,25.921737196581205,103.19658119658116,126.68974358974359,150.80769230769232,184.64399271794872,2.2975961538461545,2.76210310733486,0.8312861471450225,0.8198111815902048,0.6695958257412624,0.9803477099313891,1.0277990308594744,1.7804000182240651,1.3961173968340541
136,1,2382672566,Morning Commute: 5/20/2019,2019-05-20 13:25:32+00:00,2.13,632,576,13.323214640000002,23.711564000000003,,50.1,120.0,133.0,,True,True,0.0,0,07/08/2019 12:39:06 AM ET,4.601101694915253,1229.7033898305085,13.48292836457627,25.90300691525425,102.7466101694915,126.60506329113923,150.58227848101265,183.07921311864408,0.4629326064133499,0.46840563729712964,0.9881543741643035,0.9153981264636999,0.4876073275542103,0.9478293907096723,0.8832380632145259,0.0,0.6441956907271115
137,1,2383803921,Evening Commute: 5/21/2019,2019-05-20 21:33:48+00:00,4.68,1826,1123,15.018815160000004,25.053728,,135.6,130.7,154.0,,True,True,205.708668,0,07/08/2019 12:39:06 AM ET,4.601764705882351,1228.8067226890757,13.495834976302522,25.895870117647068,103.02268907563023,126.65625,150.625,183.26937660504203,1.0170011504537906,0.9138947397215307,1.1128481628866758,0.9674796747967476,1.3162149155362695,1.031926967678263,1.0224066390041493,1.1224388482715044,1.0630263872936165
138,1,2385140786,Morning Commute: 5/21/2019,2019-05-21 13:27:56+00:00,2.13,546,531,14.45286934,27.066974,,70.5,129.3,147.0,,True,True,0.0,1,07/08/2019 12:39:06 AM ET,4.581166666666665,1222.9916666666666,13.503810262666667,25.905629316666673,102.75166666666664,126.68888888888888,150.58024691358025,181.7421318,0.4649470658856916,0.434181208648192,1.0702808362138463,1.0448298193854786,0.6861202575789527,1.0206104192246976,0.9762236615561203,0.0,0.7121491585616224
139,1,2386545617,Evening Commute (HH edition): 5/21/2019,2019-05-21 22:07:30+00:00,1.87,789,639,10.52032882,18.790295999999998,,81.7,119.2,144.0,,True,True,66.601052,1,07/08/2019 12:39:06 AM ET,4.558760330578511,1218.1652892561983,13.47915339123967,25.846824909090916,102.57768595041321,126.59756097560975,150.5,180.7905526280992,0.41019923496673394,0.5245593563006282,0.7804888418910152,0.7269866247049565,0.796469517156922,0.9415663230902611,0.9568106312292359,0.36838789987551923,0.688183553651909
140,1,2386942536,The secret 7 mile shortcut from U street to Columbia Heights,2019-05-22 02:05:37+00:00,7.53,2405,2027,13.365716500000001,26.395892000000003,,99.2,121.6,152.0,,True,True,255.24935200000002,8,07/08/2019 12:39:06 AM ET,4.583114754098359,1224.795081967213,13.478223580655738,25.8513254590164,102.54999999999998,126.53734939759036,150.51807228915663,181.40087065573772,1.6429874450048294,1.6549707210975406,0.9916526773738039,1.0210653237818283,0.9673330082886399,0.9609810903966637,1.009845513487553,1.4071010303165072,1.2069921012184208
143,1,2403837598,Morning Commute: 5/28/2019,2019-05-28 13:37:58+00:00,2.17,548,520,15.029999860000002,23.711564000000003,,50.4,131.1,150.0,,True,True,0.0,0,07/08/2019 12:39:06 AM ET,4.563495934959347,1219.0650406504064,13.49083964796748,25.833929024390255,102.12601626016259,126.59166666666667,150.51190476190476,179.9260668292683,0.4755126400741126,0.42655640401480543,1.1140892822237651,0.9178458289334739,0.4935079409306214,1.0356131920215916,0.9965989084869098,0.0,0.68246552458566
144,1,2405066052,Evening Commute: 5/28/2019,2019-05-28 21:50:56+00:00,6.76,1785,1587,15.33198676,24.830034,,137.2,137.6,169.0,,True,True,354.65880400000003,3,07/08/2019 12:39:06 AM ET,4.581209677419353,1222.032258064516,13.505687608548389,25.825833096774204,102.40887096774193,126.72117647058825,150.72941176470587,181.3352018064516,1.4755927966623836,1.2986563894094978,1.135224447979654,0.9614417435037717,1.3397276886610439,1.0858485048230018,1.1212144864189824,1.9558188397338627,1.2966906121490247
145,1,2406385073,Morning Commute: 5/29/2019,2019-05-29 13:24:35+00:00,2.24,615,591,13.67217728,23.935257999999997,,44.7,126.2,140.0,,True,True,0.0,0,07/08/2019 12:39:06 AM ET,4.562479999999998,1216.984,13.50701952592,25.81070849600001,101.9472,126.71511627906979,150.6046511627907,179.884520192,0.4909610562676442,0.48562676255398596,1.0122275498131221,0.9273382791374882,0.4384622628184002,0.9959348474420737,0.9295861642989499,0.0,0.660017115291458
147,1,2409018553,Morning Commute: 5/30/2019,2019-05-30 13:04:51+00:00,3.49,832,800,15.68989716,23.935257999999997,,103.1,132.6,151.0,,True,True,83.005252,0,07/08/2019 12:39:06 AM ET,4.553968253968252,1213.6746031746031,13.524343951587303,25.795823968253977,101.9563492063492,126.78275862068968,150.60919540229884,179.1156371111111,0.7663645869640994,0.6591552611444976,1.1601226067722519,0.927873365450791,1.0112170630132722,1.0458835368672992,1.0025948256124553,0.46341711610868014,0.8795785452416683
148,1,2410750703,Evening Commute + friends!: 5/30/2019,2019-05-30 21:20:49+00:00,12.00,24739,3103,13.91600374,25.501116000000003,,113.1,131.1,166.0,,True,True,552.82154,0,07/08/2019 12:39:06 AM ET,4.612598425196849,1228.5511811023623,13.527427886929136,25.793503433070875,102.04409448818897,126.8318181818182,150.7840909090909,182.05820327559056,2.601570501877775,2.5257392998602795,1.0287250360023228,0.9886642993717562,1.1083443933454735,1.0336522954521017,1.1009118999171,3.0365099185515225,1.6780147055472914
149,1,2411647071,Morning Commute: 5/31/2019,2019-05-31 13:28:56+00:00,2.17,595,543,14.36339174,30.198690000000006,,71.4,124.9,144.0,,True,True,0.0,1,07/08/2019 12:39:06 AM ET,4.5935156249999975,1223.1953125,13.533958854531251,25.82791895312501,101.8046875,126.81011235955059,150.7078651685393,180.6358735625,0.47240505467966076,0.44391929436861705,1.0612853115916672,1.1692266053183569,0.7013429514235285,0.9849372236645075,0.9554909416237979,0.0,0.723575922833767
150,1,2412937338,Evening Commute: 5/31/2019,2019-06-01 00:34:16+00:00,1.88,680,565,11.987761460000002,19.908766000000004,,72.7,123.2,149.0,,True,True,60.367456000000004,0,07/08/2019 12:39:06 AM ET,4.572480620155036,1218.093023255814,13.521972828217056,25.782034046511637,101.57906976744187,126.77000000000004,150.6888888888889,179.70356024806202,0.411155378486056,0.46383978006033066,0.8865393838822446,0.7721953188054882,0.715698619473889,0.9718387631143012,0.9887922135378262,0.33592799116872823,0.693248431066108
153,1,2415680330,Post-Soccer cool down + super fun leg cramps,2019-06-01 19:46:53+00:00,2.94,6722,860,12.32106552,19.685072,,127.8,137.8,170.0,,True,True,225.393708,1,07/08/2019 12:39:06 AM ET,4.5599230769230745,1215.3384615384616,13.512735079692309,25.73513433846155,101.78076923076924,126.89120879120881,150.9010989010989,180.0550229230769,0.6447477184163029,0.7076218084231046,0.9118113725560107,0.7649104038512969,1.255639950119034,1.0859696373981345,1.126565685988931,1.2518046113953327,0.9686338985185184
156,1,2462943998,Morning Commute: 7/19/2019,2019-06-19 12:58:44+00:00,2.46,943,688,12.84898336,23.48787,,62.0,131.0,153.0,,True,True,27.230971999999998,0,07/08/2019 12:39:06 AM ET,4.543893129770991,1211.3129770992366,13.507668272671756,25.717979648854975,101.47709923664122,126.93586956521742,150.92391304347825,178.88842711450383,0.5413859722805545,0.5679787247450877,0.9512362237970868,0.913285970387092,0.6109752886749164,1.0320171945778849,1.0137558516384588,0.15222321778574227,0.7228573054858529
157,1,2464312935,Evening Commute: 5/19/19,2019-06-19 21:54:29+00:00,4.99,2733,1701,10.560593740000002,18.119214000000003,,72.5,126.7,154.0,,True,True,172.90026799999998,0,07/08/2019 12:39:06 AM ET,4.547272727272726,1215.0227272727273,13.485341950454547,25.66041324242425,101.25757575757575,126.93333333333337,150.95698924731184,178.84306227272728,1.0973610555777693,1.3999738126858832,0.783116496326149,0.7061154404966318,0.7159958102648512,0.9981617647058821,1.0201581309210057,0.9667708984782154,0.9609566761820485
159,1,2467053007,Evening Commute + Flat Tire: 6/20/2019,2019-06-20 22:25:43+00:00,5.81,1420,1380,15.15303156,25.053728,,147.4,,,,True,False,322.834656,3,07/08/2019 12:39:06 AM ET,4.556766917293231,1216.2631578947369,13.49788097007519,25.655851699248128,101.60451127819549,126.93333333333337,150.95698924731184,179.92570583458647,1.2750268129692275,1.1346228742048552,1.122622994942264,0.9765307460338268,1.450722986073083,,,1.794266441821248,1.2922988093407508
160,1,2469329328,Morning Commute: 6/21/2019,2019-06-21 13:17:23+00:00,2.35,646,535,15.7816117,29.527608,,105.4,,,,True,False,24.6063,0,07/08/2019 12:39:06 AM ET,4.540298507462684,1211.1791044776119,13.514923736716419,25.684745402985083,101.63283582089552,126.93333333333337,150.95698924731184,178.76660579104478,0.5175871137409602,0.4417183206200939,1.1677174068785603,1.1496165345118936,1.0370664082004288,,,0.13764483523707782,0.7418917698648358
161,1,2469375314,Evening Commute: 6/21/2019,2019-06-21 22:00:35+00:00,6.99,1916,1757,14.316416000000002,24.830034,,133.3,,,,True,False,355.643056,1,07/08/2019 12:39:06 AM ET,4.558444444444443,1215.2222222222222,13.520860716444446,25.678414207407418,101.8674074074074,126.93333333333337,150.95698924731184,180.0768017185185,1.5334178325939654,1.4458260949071957,1.0588391005750084,0.9669613473575528,1.3085637829858714,,,1.9749520904747768,1.3814267081490617
162,1,2471989543,Soccer,2019-06-22 16:22:22+00:00,4.17,11848,1289,11.65893128,23.711564000000003,,76.2,131.8,177.0,,True,True,177.16536000000002,1,07/08/2019 12:39:06 AM ET,4.555588235294116,1215.764705882353,13.50717005882353,25.663952073529423,101.67867647058823,126.98510638297874,151.2340425531915,180.05539405882354,0.9153592872361034,1.060238049158119,0.8631660983925962,0.9239248862398254,0.7494196683612593,1.0379169947891358,1.1703714124929656,0.9839491947801389,0.963043198931268
163,1,2472665004,Ice Cream & Kittens!,2019-06-22 20:46:06+00:00,8.63,29243,3202,9.69937184,19.461378,,62.9,122.5,145.0,,True,True,520.01314,3,07/08/2019 12:39:06 AM ET,4.585328467153283,1230.2627737226278,13.479375911240876,25.618677810218987,101.3956204379562,126.93789473684213,151.16842105263157,182.536837459854,1.8820898135914303,2.6026959999050705,0.7195712845957051,0.7596558317399615,0.6203423750287952,0.9650388503287972,0.9591950421279856,2.8488120383611246,1.4196751544598587
165,1,2476660814,Morning Commute: 6/24/2019,2019-06-24 13:53:03+00:00,2.26,674,540,15.05236926,25.277422000000005,,62.8,131.2,151.0,,True,True,12.139108,0,07/08/2019 12:39:06 AM ET,4.568478260869563,1225.2608695652175,13.490774413768115,25.616204942028997,101.1159420289855,126.9822916666667,151.16666666666666,181.3020713043478,0.49469426600047606,0.4407224725879138,1.1157527950832968,0.9867746630386633,0.6210692274616597,1.0332149331845808,0.9988974641675855,0.06695515342250198,0.7197601218683347
166,1,2477996744,Evening Commute: 6/24/2019,2019-06-24 23:41:59+00:00,2.45,673,601,14.68774804,23.264176000000006,,158.1,123.6,149.0,,True,True,181.430452,1,07/08/2019 12:39:06 AM ET,4.553237410071941,1220.769784172662,13.499385734820144,25.59928387050361,101.52589928057553,126.9474226804124,151.1443298969072,181.30299490647482,0.5380786854163377,0.4923123162057199,1.0880308429230678,0.9087822971019046,1.5572381148092773,0.9736314246501918,0.9858127003615034,1.0007030060015882,0.9430736734336989
167,1,2479238021,Morning Commute: 6/25/2019,2019-06-25 13:25:31+00:00,2.21,715,637,12.48883602,24.158952000000006,,48.6,124.7,140.0,,True,True,0.0,0,07/08/2019 12:39:06 AM ET,4.536499999999998,1216.6,13.492167522571428,25.5889957857143,101.14785714285713,126.9244897959184,151.03061224489795,180.0079735142857,0.4871597046180978,0.523590333716916,0.9256360031927467,0.9441148922884793,0.480484721800476,0.9824739118550316,0.9269643942976826,0.0,0.6588029952211788
168,1,2480616527,Evening Commute: 6/25/2019,2019-06-25 22:13:32+00:00,5.06,1970,1294,14.07258954,22.816788,,121.4,140.9,156.0,,True,True,238.51706800000002,2,07/08/2019 12:39:06 AM ET,4.5402127659574445,1217.1489361702127,13.496283990780142,25.569334737588665,101.29148936170212,127.0656565656566,151.08080808080808,180.42293163120567,1.1144852148648021,1.0631402300457995,1.0427010538318218,0.8923496928708812,1.1985212258701452,1.1088755514925075,1.032560005348666,1.3219886510188292,1.0968277031679317
169,1,2481934862,Morning Commute: 6/26/2019,2019-06-26 12:42:06+00:00,2.34,601,601,13.992059699999999,23.040482000000004,,69.9,133.6,148.0,,True,True,25.262468,0,07/08/2019 12:39:06 AM ET,4.5247183098591535,1212.8098591549297,13.499775369014085,25.55152591549297,101.07042253521125,127.13100000000004,151.05,179.33025230985916,0.5171592660036421,0.4955434650067646,1.0364661127707242,0.901726263871763,0.6915969899665554,1.0508845206912552,0.979808010592519,0.14087120089671076,0.7267569787249918
170,1,2483766417,Evening Commute + Soccer + Debate: 6/26/2019,2019-06-26 21:14:42+00:00,18.10,22589,4515,14.43049994,24.830034,,109.7,141.4,180.0,,True,True,672.244116,6,07/08/2019 12:39:06 AM ET,4.619650349650348,1235.902097902098,13.506283932447552,25.54648051748253,101.13076923076922,127.27227722772281,151.33663366336634,182.7772024055944,3.9180454428482783,3.6532019871671553,1.0684285931034005,0.9719551772702218,1.0847341598843845,1.11100392858532,1.1894013738959763,3.677942911656164,2.0843391968013627
171,1,2484717933,Morning Commute: 6/27/2019,2019-06-27 13:25:00+00:00,2.29,543,527,15.60936732,28.185444,,79.0,131.2,149.0,,True,True,12.795276,0,07/08/2019 12:39:06 AM ET,4.60347222222222,1230.9791666666667,13.520888678194446,25.56480665277779,100.97708333333333,127.31078431372553,151.31372549019608,181.59677236111114,0.4974505958666468,0.42811447526528673,1.1544631193638706,1.1025095703955758,0.7823557325300708,1.0305489885027372,0.9847090838408709,0.07045982058841979,0.7563264232941849
172,1,2486151929,Evening Commute: 6/27/2019,2019-06-27 21:35:24+00:00,9.68,10531,2430,14.338785399999999,26.84328,,120.9,136.2,173.0,,True,True,472.11287599999997,3,07/08/2019 12:39:06 AM ET,4.638482758620688,1239.248275862069,13.52652934524138,25.57362371034484,101.11448275862068,127.39708737864082,151.5242718446602,183.60033169655173,2.086889291980137,1.9608661535636174,1.0600491104574707,1.0496471014055615,1.1956744147978393,1.0690982251045957,1.1417312744281412,2.571416247658483,1.5169214774244808
173,1,2487633036,Morning Commute: 6/28/2019,2019-06-28 13:35:28+00:00,2.17,10679,553,14.10614364,27.290668,,48.0,120.6,134.0,,True,True,0.0,0,07/08/2019 12:39:06 AM ET,4.621575342465751,1234.5479452054794,13.530499306164383,25.585384287671246,100.75068493150684,127.33173076923082,151.35576923076923,182.3427951780822,0.46953686550574314,0.44793724062936907,1.0425442048227562,1.066650697646565,0.4764235601240007,0.9471323390598448,0.8853313004256401,0.0,0.6669445260267399
174,1,2488650797,Evening Commute: 6/28/2019,2019-06-28 21:41:48+00:00,4.55,23086,1517,10.80889408,27.514362,,97.4,,,,True,False,145.99738,0,07/08/2019 12:39:06 AM ET,4.621088435374147,1236.469387755102,13.51198498489796,25.598506585034027,100.72789115646258,127.33173076923082,151.35576923076923,182.09554745578234,0.9846165170027975,1.2268803538712927,0.7999486450052199,1.0748424681964088,0.9669615722293511,,,0.8017624924928604,0.9758353414663218
177,1,2493754997,Ping Pong!,2019-06-30 16:58:46+00:00,5.12,15150,1671,11.02364032,22.3694,,73.6,126.4,159.0,,True,True,187.335964,5,07/08/2019 12:39:06 AM ET,4.624459459459457,1239.4054054054054,13.49517184527027,25.576688297297313,100.54459459459459,127.32285714285719,151.42857142857142,182.1309556756757,1.1071564244177559,1.3482271359413842,0.8168580916487935,0.8746011109797891,0.7320134940795399,0.9927518344815203,1.05,1.0285783836416746,0.9937733093988071
178,1,2495061726,Morning Commute: 7/1/2019,2019-07-01 13:23:26+00:00,2.19,664,530,14.90025734,25.948504,,65.3,132.8,155.0,,True,True,0.0,0,07/08/2019 12:39:06 AM ET,4.608120805369126,1234.6442953020135,13.504601949261746,25.579183704698,100.30805369127515,127.37452830188684,151.46226415094338,180.9086002684564,0.4752479573557043,0.42927343690544784,1.103346651458657,1.0144383143561446,0.6509945871443006,1.0425946362309928,1.0233572095920276,0.0,0.7174065991304093
179,1,2496337700,Evening Commute: 7/1/2019,2019-07-01 21:48:03+00:00,4.05,1047,996,14.64524618,21.474624,,136.4,136.4,154.0,,True,True,205.708668,2,07/08/2019 12:39:06 AM ET,4.604399999999997,1233.0533333333333,13.512206244133335,25.551819973333348,100.54866666666665,127.45887850467294,151.48598130841123,181.07393405333335,0.8795934323690388,0.8077509488640665,1.083853067026608,0.8404342243492465,1.3565570237961058,1.070149067685381,1.0165957184280336,1.1360479302305917,1.023872676593634
180,1,2498365393,Morning Commute: 7/2/2019,2019-07-02 13:22:47+00:00,2.09,9646,557,13.477563500000002,22.593094,,47.2,120.5,138.0,,True,True,0.0,0,07/08/2019 12:39:06 AM ET,4.587748344370858,1228.5761589403974,13.511976821986757,25.532225761589416,100.19536423841059,127.39444444444449,151.36111111111111,179.87476892715233,0.45556116925297746,0.45337034741126053,0.9974531245545983,0.8848854076008119,0.47107967877325757,0.9458811216257464,0.9117269223710772,0.0,0.6399947214487162
181,1,2499359391,Evening Commute: 7/2/2019,2019-07-02 22:49:11+00:00,7.02,1787,1676,15.08592336,24.158952000000006,,130.8,134.7,168.0,,True,True,355.97114,1,07/08/2019 12:39:06 AM ET,4.603749999999998,1231.5197368421052,13.522331733421053,25.523191065789486,100.39671052631577,127.4614678899083,151.5137614678899,181.03329768421057,1.524843877273962,1.3609201297070908,1.115630325997288,0.9465490399584845,1.3028315301796167,1.0567899635075895,1.1088101725703905,1.9663296451735974,1.2978380855460023
182,1,2500691366,Morning Commute: 7/3/2019,2019-07-03 13:21:48+00:00,2.26,610,589,13.837710840000002,27.066974,,63.6,129.3,146.0,,True,True,0.0,0,07/08/2019 12:39:06 AM ET,4.588431372549017,1227.3202614379086,13.524393034771242,25.53328115032681,100.15620915032679,127.47818181818185,151.46363636363637,179.8500735163399,0.4925430537156534,0.47990733837469374,1.0231668663002635,1.0600664223545573,0.6350080593060514,1.014291215609088,0.9639277354300462,0.0,0.7086138363862942
183,1,2502349971,Evening Commute: 7/3/2019,2019-07-04 00:56:15+00:00,2.52,1102,863,10.51809188,18.119214000000003,,84.2,128.3,158.0,,True,True,128.93701199999998,0,07/08/2019 12:39:06 AM ET,4.5749999999999975,1224.9545454545455,13.5048715987013,25.485137857142867,100.0525974025974,127.48558558558561,151.52252252252254,179.51946922077926,0.5508196721311478,0.7045159375115959,0.7788368666171899,0.7109717868338556,0.8415573626858601,1.0063882862574112,1.0427492716570543,0.7182341422892065,0.7942591657479152
184,1,2506078519,Morning Commute: 7/5/2019,2019-07-05 11:09:46+00:00,5.52,6072,1325,14.998682700000002,23.711564000000003,,87.4,131.0,158.0,,True,True,168.635176,3,07/08/2019 12:39:06 AM ET,4.581096774193546,1225.6,13.51450908967742,25.4736954451613,99.97096774193547,127.51696428571431,151.58035714285714,179.44924797419358,1.204951624487727,1.081103133159269,1.1098207563792468,0.9308254489830602,0.874253815623891,1.0273142929162085,1.0423514166224892,0.9397374349780014,1.0262947403937366
185,1,2507375278,Evening Commute: 7/5/2019,2019-07-05 23:07:20+00:00,6.77,1685,1598,15.24250916,25.277422000000005,,138.6,133.9,178.0,,True,True,357.61156,1,07/08/2019 12:39:06 AM ET,4.595128205128202,1227.9871794871794,13.525586013205128,25.472437282051295,100.21858974358973,127.57345132743366,151.81415929203538,180.5913140769231,1.4732994810557454,1.301316517544867,1.126938910086308,0.9923440666516548,1.3829769542218613,1.049591420524702,1.1724861556397552,1.9802256926248119,1.3098973997937131
0,1,2105305908,1/26/2019,2019-01-26 19:03:46+00:00,24.51,6843,6435,13.7124422,25.501116000000003,,106.8,,,,False,False,760.4987120000002,12,07/08/2019 12:39:06 AM ET,24.51,6435.0,13.7124422,25.501116000000003,106.8,,,760.4987120000002,1.0,1.0,1.0,1.0,1.0,,,1.0,1.0
1,1,2120230347,Quick loop before Dan's Cafe,2019-02-02 22:39:55+00:00,11.04,3643,3266,12.17119054,27.96175,,105.5,,,,False,False,299.86877599999997,1,07/08/2019 12:39:06 AM ET,17.775,4850.5,12.94181637,26.731433000000003,106.15,,,530.183744,0.6210970464135022,0.6733326461189568,0.9404545847377063,1.0460251046025102,0.9938765897315119,,,0.5655940594059404,0.8067300051683546
2,1,2122335550,Rock Creek & Capitol Crescent,2019-02-03 16:31:50+00:00,28.00,7304,6804,14.81749056,31.317159999999998,,115.8,,,,False,False,780.511836,6,07/08/2019 12:39:06 AM ET,21.183333333333334,5501.666666666667,13.567041099999999,28.260008666666668,109.36666666666667,,,613.6264413333333,1.3217938630999213,1.2367161466222356,1.0921681780708987,1.1081794195250658,1.0588235294117645,,,1.2719657815006238,1.181607819705085
9,1,2135489566,Race against sunset,2019-02-09 21:06:47+00:00,25.73,7138,6609,14.01666604,26.84328,,109.4,,,,False,False,739.1732519999999,14,07/08/2019 12:39:06 AM ET,22.32,5778.5,13.679447334999999,27.905826500000003,109.375,,,645.013144,1.1527777777777777,1.1437224193129705,1.024651486039001,0.9619238476953906,1.0002285714285715,,,1.1459816887080365,1.071547631826958
14,1,2173175770,Tour de NoVa,2019-02-24 17:39:18+00:00,30.20,8406,7998,13.59388438,33.777794,,104.4,,,,False,False,973.425228,24,07/08/2019 12:39:06 AM ET,23.896,6222.4,13.662334744,29.080220000000004,108.38,,,710.6955608000001,1.2638098426514897,1.2853561326819234,0.9949898487130787,1.1615384615384614,0.9632773574460234,,,1.3696796233034805,1.1731085443890763
34,1,2205064741,Beautiful day in the DMV,2019-03-10 17:26:32+00:00,40.58,11321,10367,14.090485060000002,27.514362,,110.3,,,,False,False,893.0446479999998,13,07/08/2019 12:39:06 AM ET,26.676666666666666,6913.166666666667,13.73369313,28.81924366666667,108.69999999999999,,,741.0870753333334,1.5211795576658753,1.499602208346392,1.025979314276407,0.9547218628719274,1.0147194112235511,,,1.2050468530952554,1.2035415345799014
44,1,2221042800,Kinda got lost but it worked out + drivetrain difficulties,2019-03-17 18:58:54+00:00,32.32,8706,7503,15.50646808,26.84328,,129.7,123.4,157.0,,False,True,1407.48036,18,07/08/2019 12:39:06 AM ET,27.482857142857142,6997.428571428572,13.986946694285717,28.536963142857143,111.69999999999997,123.4,157.0,836.2861160000001,1.176005821810999,1.0722510309909763,1.1086385341223237,0.9406494960806271,1.161145926589078,1.0,1.0,1.6830129462534325,1.1427129694809297
54,1,2235568454,Purim Party!,2019-03-23 23:43:00+00:00,7.07,4124,2400,10.609806420000002,20.803542000000004,,67.1,119.6,146.0,,False,True,265.419956,0,07/08/2019 12:39:06 AM ET,24.93125,6422.75,13.564804160000001,27.5702855,106.12499999999999,121.5,151.5,764.927846,0.2835798445725746,0.37367171382974584,0.7821569920844328,0.7545638945233267,0.6322732626619553,0.9843621399176954,0.9636963696369637,0.3469869182929445,0.6401613919399548
55,1,2235747418,Working off those hamentashen!,2019-03-24 03:59:33+00:00,6.76,2251,2098,11.60077084,20.579848000000002,,75.7,116.2,141.0,,False,True,276.902896,3,07/08/2019 12:39:06 AM ET,22.91222222222222,5942.222222222223,13.346578235555556,26.793570222222222,102.74444444444444,119.73333333333333,148.0,710.7028515555555,0.295039037874012,0.3530665669409125,0.8691943834034785,0.7680890538033396,0.7367794960527739,0.970489977728285,0.9527027027027027,0.3896183832581042,0.666872450220451
56,1,2238481922,Old ox! 🍻,2019-03-24 16:38:32+00:00,59.13,16361,13904,15.3118543,26.84328,,113.6,122.4,154.0,,False,True,2186.351776,20,07/08/2019 12:39:06 AM ET,26.534,6738.4,13.543105842,26.7985412,103.83,120.4,149.5,858.267744,2.2284615964423007,2.0633978392496735,1.1306013907470724,1.001669449081803,1.0940961186554945,1.0166112956810631,1.0301003344481605,2.547400611620795,1.5140423294907952
59,1,2256000603,Rock Creek Park ♥️,2019-03-31 18:49:37+00:00,25.42,6188,5776,15.84648296,29.974996000000004,,143.0,122.4,153.0,,False,True,1423.88456,14,07/08/2019 12:39:06 AM ET,26.432727272727274,6650.909090909091,13.752503761818183,27.087309818181822,107.39090909090909,120.8,150.2,909.6874545454546,0.9616866143898748,0.8684527063969382,1.1522616706345097,1.1066066066066067,1.3315838483027174,1.0132450331125828,1.0186418109187751,1.5652459016393443,1.1272155240001687
69,1,2273489263,Never tire of Rock Creek,2019-04-07 19:27:24+00:00,38.66,9964,9036,15.401331900000002,31.988242000000003,,132.9,137.0,165.0,,False,True,1936.023684,23,07/08/2019 12:39:06 AM ET,27.451666666666664,6849.666666666667,13.889906106666666,27.495720833333337,109.51666666666667,123.5,152.66666666666666,995.2154736666666,1.408293364094469,1.3191882816682077,1.1088146875671034,1.1633898305084744,1.2135139248211841,1.1093117408906883,1.0807860262008735,1.9453311722205435,1.293578628496443
81,1,2290443680,Short and sweet (and muddy),2019-04-14 17:48:56+00:00,25.61,8169,5965,15.4572554,29.974996000000004,,127.7,136.3,184.0,,False,True,987.860924,24,07/08/2019 12:39:06 AM ET,27.31,6781.615384615385,14.010471436923078,27.686434307692313,110.91538461538462,125.32857142857142,157.14285714285714,994.6497390769231,0.9377517392896375,0.8795839430133505,1.1032644739750925,1.0826600372902424,1.1513281087454053,1.0875413199589652,1.170909090909091,0.9931746676139246,1.0507766725994636
83,1,2295254382,Happy Emancipation Day DC!!,2019-04-16 20:01:44+00:00,23.66,5992,5498,15.4908095,32.659324,,145.0,,,,False,False,718.175876,22,07/08/2019 12:39:06 AM ET,27.049285714285713,6689.928571428572,14.116209870000002,28.041640714285716,113.35000000000001,125.32857142857142,157.14285714285714,974.901606,0.8746996223824237,0.8218323919751439,1.0973773868948575,1.1646723646723645,1.279223643581826,,,0.7366649840148073,0.9957450655869038
92,1,2308645262,Not pictured: the first hour of my ride (thanks Fitbit for that),2019-04-21 19:14:08+00:00,49.27,13431,11776,15.06355396,25.501116000000003,,108.4,129.1,157.0,,False,True,1392.71658,39,07/08/2019 12:39:06 AM ET,28.530666666666665,7029.0,14.17936614266667,27.872272400000004,113.02000000000001,125.8,157.125,1002.7559376,1.7269137302551643,1.6753449992886613,1.0623573584627841,0.9149277688603531,0.9591222792426118,1.0262321144674085,0.9992044550517104,1.3888888888888888,1.2191239493146977
118,1,2352866676,DTB: Avenel Short,2019-05-08 21:37:28+00:00,35.42,11697,8030,15.877800120000002,34.67257,,153.5,124.7,158.0,,False,True,2031.496128,2,07/08/2019 12:39:06 AM ET,28.96125,7091.5625,14.285518266250001,28.297291000000005,115.55000000000001,125.67777777777776,157.22222222222223,1067.0521995,1.2230135094307049,1.1323315559864275,1.1114612591628417,1.2252964426877468,1.3284292514063174,0.9922199628680047,1.004946996466431,1.903839501902456,1.2401923099888663
127,1,2368298113,Taking advantage of the one day it's not raining in DC,2019-05-14 21:52:06+00:00,20.35,5389,4961,14.76827788,27.066974,,116.2,128.4,163.0,,False,True,594.160124,8,07/08/2019 12:39:06 AM ET,28.454705882352943,6966.235294117647,14.313915890588236,28.224919411764713,115.58823529411767,125.95,157.8,1039.2350185882353,0.7151716866847209,0.7121493590934423,1.0317426756510788,0.9589743589743587,1.0052926208651398,1.019452163556967,1.0329531051964511,0.5717283515014207,0.8809330401904474
133,1,2376093165,Night Ride,2019-05-18 03:40:48+00:00,3.38,1259,1100,11.066142180000002,28.185444,,84.1,,,,False,False,51.181104,0,07/08/2019 12:39:06 AM ET,27.061666666666667,6640.333333333333,14.13348401777778,28.22272633333334,113.8388888888889,125.95,157.8,984.3431344444444,0.12489991993594875,0.16565433462175594,0.7829734102419809,0.9986789960369878,0.7387633595236932,,,0.051995185630960096,0.4771608676652211
135,1,2381649409,When I'm biking then I'm biking too much,2019-05-19 19:45:09+00:00,37.10,9520,8152,16.38334856,29.08022,,139.5,144.0,186.0,,False,True,1793.307144,24,07/08/2019 12:39:06 AM ET,27.590000000000003,6719.894736842105,14.251897941052633,28.267857578947375,115.18947368421054,127.5909090909091,160.36363636363637,1026.9201875789472,1.344690105110547,1.2131142405112862,1.149555562898589,1.0287380258225738,1.2110481586402264,1.1286070537940862,1.1598639455782311,1.7462965142674585,1.2477392008278747
141,1,2402055838,Memorial Day: Part One (Fitbit bonked),2019-05-27 16:50:28+00:00,15.72,4824,3646,15.517652780000002,26.619585999999998,,109.3,131.9,163.0,,False,True,244.094496,19,07/08/2019 12:39:06 AM ET,26.996500000000005,6566.2,14.315185683000001,28.185444000000007,114.89500000000002,127.95,160.58333333333334,987.778903,0.5822977052580889,0.5552678870579635,1.0839994061989704,0.9444444444444441,0.9513033639409894,1.0308714341539664,1.0150492994291644,0.2471145063522378,0.8012935058544781
142,1,2402681110,Memorial Day: Part Two,2019-05-27 18:12:45+00:00,31.19,17935,7158,15.68766022,26.619585999999998,,121.7,140.5,180.0,,False,True,849.0813919999999,11,07/08/2019 12:39:06 AM ET,27.19619047619048,6594.380952380952,14.380541613333335,28.11087933333334,115.21904761904764,128.91538461538462,162.07692307692307,981.1742596190476,1.1468517999719847,1.085469591715891,1.0908949497044487,0.9469496021220156,1.056248966771367,1.0898621636135808,1.1105837683910775,0.8653726732799388,1.049029189446288
146,1,2407537060,Afternoon Ride,2019-05-29 21:16:53+00:00,6.73,1730,1637,14.79288422,25.277422000000005,,129.9,136.3,166.0,,False,True,357.28347599999995,1,07/08/2019 12:39:06 AM ET,26.265909090909098,6369.045454545455,14.39928445909091,27.982085818181826,115.88636363636365,129.44285714285715,162.35714285714286,952.8155876363636,0.2562256640996798,0.2570243864144049,1.0273346749991172,0.9033430232558138,1.1209256717003333,1.0529742853989625,1.0224373075230972,0.37497652288236394,0.7519051920342216
151,1,2415396608,And then I found a piece of glass in my tire 😨,2019-06-01 17:15:27+00:00,0.75,2469,289,9.395147999999999,17.89552,,63.4,109.6,136.0,,False,True,25.918636,0,07/08/2019 12:39:06 AM ET,25.15652173913044,6104.695652173913,14.181713308695654,27.54353947826088,113.60434782608698,128.12,160.6,912.515720173913,0.02981334255098513,0.04734060737279927,0.6624832836127968,0.6497175141242936,0.5580772321941136,0.855448017483609,0.8468244084682441,0.02840349533382314,0.4597634876425831
152,1,2415396740,Pre-Soccer Conditioning,2019-06-01 18:01:44+00:00,10.69,3574,2556,15.05908008,27.514362,,126.7,135.9,168.0,,False,True,505.905528,5,07/08/2019 12:39:06 AM ET,24.553750000000008,5956.833333333333,14.218270257500002,27.54232375000001,114.15000000000002,128.60625,161.0625,895.5736288333333,0.4353713791172426,0.42908704289191685,1.0591358728785225,0.9989847715736037,1.1099430573806393,1.0567138066773583,1.0430733410942956,0.5648955169203059,0.8371505985667356
154,1,2416123637,Evening Ride,2019-06-02 00:09:33+00:00,3.22,16515,815,14.21799064,25.277422000000005,,74.4,135.4,159.0,,False,True,25.262468,2,07/08/2019 12:39:06 AM ET,23.70040000000001,5751.16,14.218259072800002,27.45172768000001,112.56000000000002,129.00588235294117,160.94117647058823,860.7611823999999,0.13586268586184194,0.14171054187329166,0.9999811205578244,0.9207953063885266,0.6609808102345416,1.049564543340477,0.9879385964912281,0.02934898612593383,0.6157728238592082
155,1,2455007744,"When you're trapped in Oslo, ride a city bike (or three)!",2019-06-16 11:51:36+00:00,20.35,8386,7161,10.22952662,20.803542000000004,,74.8,121.3,151.0,,False,True,1111.220508,0,07/08/2019 12:39:06 AM ET,23.57153846153847,5805.384615384615,14.064846286153848,27.196028230769237,111.10769230769233,128.57777777777778,160.38888888888889,870.3942333846153,0.8633293084880721,1.2335100039750895,0.7273116543101127,0.7649478013286934,0.6732207144835224,0.9433978568959557,0.9414617249740215,1.2766864317091207,0.9279831870205735
158,1,2465649931,Morning Ride,2019-06-20 13:14:55+00:00,2.25,775,642,12.60291996,26.619585999999998,,42.5,135.4,149.0,,False,True,0.0,0,07/08/2019 12:39:06 AM ET,22.78185185185186,5614.148148148148,14.010700866666669,27.174678518518526,108.56666666666669,128.93684210526317,159.78947368421052,838.1574099259259,0.09876282290972342,0.11435394703856659,0.8995210218201168,0.979573170731707,0.39146453791832964,1.0501265409421177,0.9324769433465085,0.0,0.5582848730883837
164,1,2475427674,Back in the saddle again 🐎,2019-06-23 18:59:19+00:00,39.57,10718,9634,14.78841034,27.290668,,108.4,131.8,163.0,,False,True,1257.874056,29,07/08/2019 12:39:06 AM ET,23.381428571428582,5757.714285714285,14.038476205,27.178821000000006,108.56071428571431,129.08,159.95,853.1472901428571,1.6923687908596559,1.6732334259626838,1.0534199099709198,1.0041152263374484,0.9985195907490869,1.0210722032847845,1.0190684588934042,1.4743926055129035,1.2420237764463609
175,1,2491049783,Out of the frying pan 🌡️🔥☀️,2019-06-29 20:45:07+00:00,25.70,5806,5444,16.996270120000002,32.435629999999996,,151.7,152.4,174.0,,False,True,1206.6929519999999,82,07/08/2019 12:39:06 AM ET,23.46137931034484,5746.896551724138,14.140469098620692,27.360090275862074,110.04827586206899,130.1904761904762,160.61904761904762,865.3385198620689,1.0954172668214817,0.9472938917556702,1.2019594259187536,1.1855088807442906,1.3784859309393993,1.170592538405267,1.0833086273347168,1.3944750225522624,1.1821301980589802
176,1,2492761580,Mahkah's NBD,2019-06-30 13:47:14+00:00,31.31,7956,7133,15.801744160000002,31.540854000000003,,129.9,137.7,174.0,,False,True,1377.296632,9,07/08/2019 12:39:06 AM ET,23.72300000000001,5793.1,14.195844934000002,27.49944906666667,110.71000000000002,130.53181818181818,161.22727272727272,882.4037902666666,1.3198162121148247,1.2312923995788092,1.113124596208695,1.1469631236442517,1.1733357420287236,1.054915207020232,1.0792218776430786,1.560846232974333,1.2099394239016186
186,1,2509826392,So hecking hot,2019-07-06 17:20:35+00:00,26.98,6338,5831,16.65625524,32.435629999999996,,141.5,150.6,177.0,,False,True,1246.063032,12,07/08/2019 12:39:06 AM ET,23.828064516129043,5794.322580645161,14.275213008387098,27.658680709677423,111.70322580645163,131.40434782608696,161.91304347826087,894.1347335483872,1.1322782839427614,1.0063298891016792,1.1667955658674916,1.172710670493086,1.2667494513110775,1.1460807993911921,1.0931793770139635,1.3935964964194827,1.1722150666925917
187,1,2513366190,NoVa Loop,2019-07-07 20:18:29+00:00,31.45,8752,7403,15.296195720000002,29.527608,,125.0,146.9,196.0,,False,True,1033.136516,24,07/08/2019 12:39:06 AM ET,24.06625000000001,5844.59375,14.307118718125002,27.7170846875,112.11875000000002,132.05,163.33333333333334,898.47853925,1.30680932841635,1.2666406454683015,1.0691318092315811,1.0653215636822193,1.114889347232287,1.1124574024990532,1.2,1.149873336832736,1.1606404291703158
